org_id.value,Negocio creado el,Fecha de ganado,Fecha de cierre prevista,Origen,Tipo de cliente,Tiempo de contacto (min)
20481.0,2021-01-01 20:03:34,2022-07-19 18:37:26,2022-07-20,API,B,
22058.0,2021-01-05 13:31:38,2021-01-20 20:59:49,2021-01-18,API,,
20543.0,2021-01-05 15:39:42,2021-11-30 22:39:57,2021-11-30,ManuallyCreated,C,
20599.0,2021-01-07 01:19:48,2021-01-29 16:30:05,2020-01-25,API,B,
20606.0,2021-01-07 08:57:49,2021-01-28 13:49:10,,API,B,
20651.0,2021-01-07 20:18:04,2021-01-11 14:59:53,2021-01-08,API,C,
8776.0,2021-01-08 12:47:28,2021-01-30 17:20:51,2021-02-15,API,B,
20922.0,2021-01-10 12:03:07,2021-02-04 21:06:23,2021-02-05,API,C,
20946.0,2021-01-10 13:54:52,2021-02-06 15:20:50,2021-02-08,API,B,
21046.0,2021-01-11 11:04:59,2021-01-27 03:24:19,,API,B,
21059.0,2021-01-11 13:11:47,2021-01-18 12:25:17,2021-01-15,ManuallyCreated,B,
21234.0,2021-01-12 15:33:30,2021-12-07 23:00:47,2021-12-07,ManuallyCreated,B,
21240.0,2021-01-12 16:26:30,2023-07-03 14:34:09,2023-06-30,ManuallyCreated,B,
22390.0,2021-01-12 18:15:01,2021-01-26 20:50:46,2021-01-21,API,B,
21492.0,2021-01-15 02:07:59,2021-06-28 16:05:25,,API,C,
9924.0,2021-01-15 15:34:09,2022-07-08 22:34:18,2022-07-30,API,B,
21742.0,2021-01-17 11:53:58,2021-02-23 22:24:18,,API,B,
21824.0,2021-01-18 10:58:21,2021-05-10 19:24:26,2021-05-10,API,C,
21864.0,2021-01-18 16:07:35,2021-01-20 18:59:20,2021-01-20,ManuallyCreated,B,
21890.0,2021-01-18 20:43:50,2021-02-20 04:00:00,2021-02-19,ManuallyCreated,B,
21928.0,2021-01-19 11:00:48,2024-11-29 16:24:39,2024-11-29,API,B,
21941.0,2021-01-19 13:31:45,2021-05-01 01:31:09,,API,B,
21952.0,2021-01-19 16:54:05,2021-03-09 22:01:39,2021-03-15,API,B,
21962.0,2021-01-19 20:12:38,2021-02-27 00:50:15,,ManuallyCreated,C,
3059.0,2021-01-20 13:34:54,2021-06-18 18:39:04,2021-06-18,API,B,
22051.0,2021-01-21 12:24:45,2021-04-09 18:06:18,,API,B,
75.0,2021-01-21 13:07:54,2021-02-24 19:46:06,2021-02-15,ManuallyCreated,B,
17053.0,2021-01-22 02:38:01,2021-02-26 22:26:20,2021-02-25,ManuallyCreated,C,
21059.0,2021-01-22 02:39:02,2021-02-18 01:37:43,2021-02-17,ManuallyCreated,B,
11183.0,2021-01-27 02:09:32,2021-02-09 14:08:08,2021-02-10,API,C,
,2021-01-28 20:23:45,2021-02-22 19:40:12,2021-02-19,ManuallyCreated,C,
20453.0,2021-01-30 15:35:49,2021-02-09 00:33:35,,API,A,
22581.0,2021-01-31 14:11:02,2021-02-01 01:06:48,,API,B,
22600.0,2021-01-31 22:57:04,2021-01-31 23:02:02,,ManuallyCreated,,
22581.0,2021-02-01 12:30:34,2021-02-20 04:00:00,2021-02-15,ManuallyCreated,B,
3548.0,2021-02-02 20:57:03,2021-04-28 21:45:25,2021-04-30,ManuallyCreated,B,
22729.0,2021-02-03 15:06:27,2021-03-17 12:17:32,,API,B,
22855.0,2021-02-06 15:19:42,2021-12-09 20:54:20,2021-12-09,API,C,
22905.0,2021-02-08 11:21:23,2021-02-24 23:52:59,2021-02-26,API,B,
22928.0,2021-02-08 19:50:15,2023-03-16 20:48:04,2023-03-15,API,C,
22962.0,2021-02-09 16:03:53,2021-02-28 12:45:54,2021-03-30,ManuallyCreated,,
22992.0,2021-02-09 21:08:47,2021-04-29 17:23:26,2021-04-29,API,C,
23011.0,2021-02-10 23:38:29,2021-03-10 04:00:00,,API,A,
23014.0,2021-02-11 02:02:12,2021-03-03 18:46:06,2021-03-03,API,B,
23453.0,2021-02-18 05:01:53,2021-04-01 02:28:44,,API,B,
19203.0,2021-02-18 15:21:29,2021-03-09 17:50:10,2021-03-09,ManuallyCreated,A,
23530.0,2021-02-18 21:47:54,2021-02-27 15:58:52,2021-02-27,API,B,
23798.0,2021-02-22 12:08:23,2021-03-12 13:02:01,2021-03-12,API,B,
23825.0,2021-02-22 19:21:29,2021-02-22 19:22:48,,ManuallyCreated,,
23853.0,2021-02-22 23:21:10,2023-07-18 18:50:43,2023-07-15,API,B,
23894.0,2021-02-23 14:05:56,2022-04-06 00:27:25,,API,C,
24066.0,2021-02-25 14:18:42,2024-11-30 04:00:00,,API,C,
23530.0,2021-02-26 20:35:48,2021-02-27 15:59:26,2021-02-27,ManuallyCreated,B,
23530.0,2021-02-27 15:58:21,2021-03-31 00:29:35,2021-03-27,ManuallyCreated,B,
23530.0,2021-02-27 15:59:06,2021-03-31 00:28:43,2021-03-27,ManuallyCreated,B,
24342.0,2021-03-01 13:51:24,2021-02-27 04:00:00,,ManuallyCreated,C,
24445.0,2021-03-03 19:23:08,2021-03-12 18:02:50,2021-03-15,API,B,
17115.0,2021-03-04 21:42:09,2020-12-16 04:00:00,,ManuallyCreated,C,
17114.0,2021-03-04 21:48:35,2020-12-23 04:00:00,,ManuallyCreated,,
3979.0,2021-03-07 03:11:15,2021-04-27 22:28:11,2021-04-01,ManuallyCreated,B,
24690.0,2021-03-08 04:50:51,2021-12-31 19:40:29,2021-12-31,API,C,
24705.0,2021-03-08 14:03:55,2021-03-25 19:49:42,2021-03-23,ManuallyCreated,B,
,2021-03-08 21:19:49,2022-11-16 21:52:15,2022-11-17,ManuallyCreated,B,
24852.0,2021-03-11 18:56:19,2021-03-24 20:56:39,2021-03-25,ManuallyCreated,C,
24910.0,2021-03-13 16:16:26,2021-03-19 21:17:28,,ManuallyCreated,B,
24947.0,2021-03-14 23:01:42,2022-11-01 00:51:53,,ManuallyCreated,B,
24966.0,2021-03-15 17:53:07,2021-03-19 22:20:24,2021-03-30,ManuallyCreated,C,
24974.0,2021-03-15 21:35:36,2021-11-10 22:18:03,2021-11-15,ManuallyCreated,C,
,2021-03-16 03:20:07,2021-03-23 22:17:00,2021-03-31,API,C,
,2021-03-19 16:46:24,2021-04-07 21:41:22,,API,C,
24910.0,2021-03-19 21:17:33,2021-04-20 02:06:23,2021-04-19,ManuallyCreated,B,
204302.0,2021-03-20 21:54:38,2023-02-01 02:08:00,2023-01-31,API,B,
23051.0,2021-03-22 17:12:04,2021-06-01 15:33:19,2021-05-31,API,C,
25239.0,2021-03-22 17:51:18,2023-10-31 00:00:00,,API,"A
",
25560.0,2021-03-22 21:09:56,2022-08-16 05:47:09,2022-08-15,Import,B,
,2021-03-22 21:30:46,2021-06-30 01:58:18,2021-06-30,ManuallyCreated,B,
25769.0,2021-03-23 13:46:53,2021-04-30 16:40:29,2021-04-30,API,B,
25857.0,2021-03-23 15:03:57,2021-03-25 02:35:47,,ManuallyCreated,A,
25775.0,2021-03-23 17:08:05,2021-03-31 21:25:24,,ManuallyCreated,,
25795.0,2021-03-24 00:11:15,2022-09-10 13:25:24,2022-09-15,API,B,
25834.0,2021-03-24 15:31:35,2021-04-26 17:37:40,2021-04-26,ManuallyCreated,B,
25844.0,2021-03-24 18:12:36,2021-03-31 22:08:06,,API,B,
25908.0,2021-03-25 21:36:39,2021-03-31 23:32:31,2021-03-31,ManuallyCreated,C,
25950.0,2021-03-26 20:38:00,2021-03-31 20:55:17,2021-03-31,API,C,
234.0,2021-03-28 16:44:09,2021-03-31 14:29:48,,API,B,
26058.0,2021-03-29 23:29:48,2021-07-01 03:04:26,2021-06-30,API,B,
26074.0,2021-03-30 13:28:16,2021-03-31 19:48:39,2021-03-31,ManuallyCreated,B,
26138.0,2021-04-02 01:46:28,2023-07-26 15:34:21,2023-07-29,API,C,
26255.0,2021-04-06 14:55:01,2021-04-30 22:34:03,2021-04-30,API,C,
,2021-04-08 12:05:03,2021-08-11 01:44:22,2021-08-16,ManuallyCreated,C,
26334.0,2021-04-08 14:33:40,2021-05-14 19:20:56,2021-05-07,API,A,
26404.0,2021-04-10 21:41:16,2021-05-01 01:19:57,,API,C,
26460.0,2021-04-12 19:27:52,2021-04-28 15:14:19,2021-04-29,ManuallyCreated,B,
26474.0,2021-04-13 11:54:32,2021-05-07 21:55:34,2021-05-06,API,B,
26481.0,2021-04-13 14:31:36,2021-09-11 04:00:00,,ManuallyCreated,C,
26486.0,2021-04-13 15:11:31,2021-04-26 14:00:28,2021-04-29,ManuallyCreated,,
26524.0,2021-04-14 16:50:59,2021-04-26 15:13:30,2021-04-30,API,C,
26622.0,2021-04-17 02:30:09,2023-10-31 21:36:16,2023-10-31,API,B,
26653.0,2021-04-18 16:12:36,2021-06-15 04:00:00,,ManuallyCreated,,
,2021-04-19 01:37:43,2021-04-30 18:47:57,2021-04-30,API,,
26725.0,2021-04-20 17:22:01,2021-06-02 22:14:24,2021-06-05,API,B,
26808.0,2021-04-22 22:51:55,2023-06-29 21:21:14,,API,B,
26824.0,2021-04-23 15:59:01,2021-05-14 18:48:28,2021-05-14,API,B,
26845.0,2021-04-24 11:34:58,2021-11-05 22:30:59,,API,B,
243907.0,2021-04-27 13:24:11,2024-12-18 19:24:35,,API,B,
28850.0,2021-04-27 18:00:55,2021-06-30 18:13:23,2021-06-30,API,C,
27140.0,2021-04-30 10:09:32,2022-09-30 04:00:00,2022-09-30,API,C,
27190.0,2021-05-01 18:50:33,2021-05-10 21:37:43,2021-05-10,API,B,
27215.0,2021-05-02 20:20:08,2022-04-30 04:00:00,,API,B,
27294.0,2021-05-03 14:34:38,2021-07-19 16:09:55,,Import,B,
27376.0,2021-05-04 19:21:35,2021-07-23 23:31:30,2021-06-25,API,B,
14737.0,2021-05-05 15:25:46,2021-05-05 15:26:44,,ManuallyCreated,,
27456.0,2021-05-06 12:34:46,2021-05-11 22:19:40,,API,B,
27463.0,2021-05-06 15:27:14,2021-05-31 23:54:00,2021-05-31,API,C,
27518.0,2021-05-08 20:46:33,2021-05-15 17:23:20,2021-05-15,API,C,
27540.0,2021-05-10 04:02:13,2021-05-31 23:47:17,,ManuallyCreated,B,
27550.0,2021-05-10 14:40:50,2021-08-23 22:03:09,2021-08-31,API,C,
1026.0,2021-05-10 18:08:51,2021-05-17 22:03:23,2021-05-17,ManuallyCreated,B,
27558.0,2021-05-10 19:22:52,2021-05-10 19:25:01,,ManuallyCreated,,
27574.0,2021-05-10 23:45:20,2023-01-23 15:38:13,2023-01-20,API,C,
27586.0,2021-05-11 12:25:49,2021-05-29 15:26:58,,API,C,
,2021-05-16 12:42:51,2021-07-07 18:09:58,2021-07-07,API,B,
27899.0,2021-05-19 20:31:33,2021-05-27 18:42:57,2021-05-31,API,B,
27909.0,2021-05-21 23:01:58,2021-05-31 23:53:07,,ManuallyCreated,B,
27959.0,2021-05-24 17:46:47,2021-06-28 22:19:22,2021-06-30,ManuallyCreated,,
27960.0,2021-05-24 18:09:51,2021-08-31 20:29:42,2021-08-30,API,C,
29157.0,2021-05-24 22:25:58,2022-07-15 13:00:06,2022-07-14,API,B,
27974.0,2021-05-25 11:28:36,2022-11-26 02:13:02,2022-11-25,API,C,
28167.0,2021-06-01 10:56:20,2022-12-01 03:02:38,2022-11-30,API,B,
,2021-06-01 21:03:29,2021-07-06 21:39:09,,ManuallyCreated,B,
28315.0,2021-06-06 17:06:36,2021-09-22 22:16:29,,API,B,
28323.0,2021-06-07 11:25:55,2022-12-16 14:02:33,2022-12-15,API,C,
,2021-06-08 20:36:23,2021-07-01 02:58:12,2021-06-30,ManuallyCreated,,
28350.0,2021-06-08 21:06:48,2021-06-08 22:18:40,,ManuallyCreated,,
28365.0,2021-06-09 00:00:28,2021-07-16 22:16:26,,API,B,
21824.0,2021-06-10 15:59:46,2021-06-29 14:57:06,2021-06-28,ManuallyCreated,,
28443.0,2021-06-11 14:21:37,2021-06-30 18:13:22,2021-06-30,ManuallyCreated,C,
28469.0,2021-06-12 14:51:12,2021-07-29 14:15:10,,API,B,
28541.0,2021-06-15 21:04:42,2021-06-18 16:11:32,,API,B,
28629.0,2021-06-19 15:07:24,2021-06-19 15:11:21,2021-06-19,ManuallyCreated,,
28706.0,2021-06-22 22:13:18,2021-06-24 22:20:21,,ManuallyCreated,C,
28708.0,2021-06-23 02:15:52,2021-09-23 04:00:00,2021-09-23,ManuallyCreated,C,
28754.0,2021-06-25 04:09:24,2022-02-24 04:00:00,2022-02-28,API,B,
28796.0,2021-06-28 03:35:42,2021-08-05 20:00:30,,API,C,
,2021-06-28 15:14:12,2021-06-30 04:00:00,,ManuallyCreated,C,
,2021-06-29 17:26:20,2021-07-06 13:45:19,2021-07-06,API,B,
,2021-06-30 02:18:14,2021-07-31 16:41:39,,API,B,
28443.0,2021-06-30 16:16:50,2021-12-08 15:02:34,2021-12-31,ManuallyCreated,C,
28875.0,2021-07-01 18:48:33,2022-01-31 13:55:02,2022-01-31,ManuallyCreated,C,
28877.0,2021-07-01 18:56:42,2024-12-23 16:11:42,,ManuallyCreated,A,1.0
28883.0,2021-07-01 21:17:15,2021-07-12 19:51:22,,ManuallyCreated,B,
,2021-07-01 23:07:48,2021-07-26 20:50:37,2021-07-26,ManuallyCreated,B,
23051.0,2021-07-02 13:34:55,2021-07-02 13:38:56,2021-07-02,ManuallyCreated,C,
29026.0,2021-07-12 15:42:18,2021-07-27 13:56:52,2021-07-26,API,B,
29046.0,2021-07-14 12:37:19,2021-12-08 04:00:00,2021-12-10,ManuallyCreated,B,
29062.0,2021-07-15 13:28:34,2021-07-22 18:32:16,2021-07-22,API,B,
29282.0,2021-07-19 21:06:45,2021-08-20 20:30:07,2021-08-20,API,B,
21824.0,2021-07-19 21:57:48,2021-07-19 22:02:29,2021-07-19,ManuallyCreated,,
11099.0,2021-07-20 01:10:19,2021-07-19 04:00:00,2021-06-28,ManuallyCreated,B,
27854.0,2021-07-21 14:46:45,2021-08-20 20:01:46,2021-08-20,API,C,
29321.0,2021-07-21 14:56:57,2021-07-29 21:51:57,,ManuallyCreated,C,
29531.0,2021-07-23 14:07:04,2021-08-03 21:18:15,2021-08-13,API,B,3596.0
29388.0,2021-07-26 15:28:49,2021-11-30 14:36:51,2021-11-30,API,B,
29424.0,2021-07-28 15:11:57,2021-08-12 14:25:34,2021-08-05,ManuallyCreated,B,
1107.0,2021-07-28 20:57:53,2022-01-21 23:11:45,2022-01-21,ManuallyCreated,B,
29321.0,2021-07-29 21:54:33,2021-08-05 23:03:15,2021-08-04,ManuallyCreated,C,
29321.0,2021-07-29 21:57:11,2022-02-01 00:10:35,2022-02-15,ManuallyCreated,C,
29469.0,2021-07-30 22:19:15,2021-11-09 21:10:31,2021-11-09,ManuallyCreated,B,
,2021-07-31 03:17:50,2021-08-31 22:12:23,,API,B,
21327.0,2021-08-02 00:44:45,2021-08-20 17:02:38,2021-08-31,API,B,
29509.0,2021-08-02 23:52:31,2021-08-12 03:10:02,,API,B,
29514.0,2021-08-03 00:59:35,2021-12-28 16:23:48,2021-12-27,API,B,
29531.0,2021-08-03 21:17:09,2021-08-12 21:59:34,2021-08-11,ManuallyCreated,B,
29548.0,2021-08-04 18:12:59,2022-08-31 16:22:34,2022-08-31,API,A,
29424.0,2021-08-04 18:18:10,2022-02-03 22:30:04,2022-02-01,ManuallyCreated,B,
29214.0,2021-08-09 17:23:34,2021-11-16 23:32:21,2021-11-30,API,C,
29636.0,2021-08-09 21:35:29,2021-08-11 21:39:10,,ManuallyCreated,C,
4478.0,2021-08-10 01:11:31,2022-01-06 19:09:57,2022-01-17,API,B,
,2021-08-10 21:16:42,2021-10-19 20:30:12,2021-10-19,ManuallyCreated,B,
26653.0,2021-08-11 16:02:10,2021-08-07 04:00:00,,ManuallyCreated,,
29676.0,2021-08-12 16:08:28,2022-12-31 14:27:58,2022-12-30,API,B,
29708.0,2021-08-14 12:58:41,2021-08-19 19:54:13,2021-08-20,API,C,
30038.0,2021-08-16 00:03:59,2021-09-03 21:01:32,,API,B,
29738.0,2021-08-17 00:57:00,2021-09-30 22:43:44,2021-09-28,ManuallyCreated,B,
33097.0,2021-08-18 20:52:52,2021-12-29 13:28:57,2021-12-30,ManuallyCreated,B,
29778.0,2021-08-18 23:06:49,2022-05-26 03:43:29,2022-05-27,ManuallyCreated,B,
,2021-08-20 23:12:11,2021-08-20 04:00:00,,ManuallyCreated,B,
29825.0,2021-08-22 01:53:36,2021-11-30 17:48:36,2021-11-30,API,C,
29836.0,2021-08-23 23:33:09,2021-08-23 23:42:35,,ManuallyCreated,B,
29685.0,2021-08-27 14:34:45,2021-08-30 19:17:09,,API,B,
29907.0,2021-08-27 23:07:09,2022-09-30 04:00:00,2022-09-30,ManuallyCreated,B,
29913.0,2021-08-28 05:41:25,2021-09-13 19:06:57,2021-09-13,API,B,
29936.0,2021-08-29 14:54:49,2021-10-19 20:30:23,2021-10-20,API,C,
29945.0,2021-08-29 22:18:01,2022-07-26 01:05:52,2022-07-29,API,B,
27960.0,2021-08-30 15:45:55,2021-11-22 17:21:16,2021-11-22,ManuallyCreated,C,
29962.0,2021-08-31 03:33:15,2021-10-01 01:23:12,2021-09-30,API,B,
29987.0,2021-09-01 06:00:05,2022-01-14 19:25:25,,API,B,
,2021-09-03 16:07:20,2021-10-01 03:00:47,2021-09-30,API,B,
30075.0,2021-09-07 14:21:59,2022-09-30 04:00:00,2022-09-30,ManuallyCreated,B,
30076.0,2021-09-07 15:46:49,2021-12-23 18:19:46,2021-12-29,API,B,
,2021-09-08 17:13:22,2021-09-13 15:02:41,2021-09-13,API,B,
30954.0,2021-09-13 00:41:18,2021-10-22 19:10:38,2021-10-22,ManuallyCreated,C,
30963.0,2021-09-13 14:22:13,2021-09-13 14:43:47,2021-09-13,ManuallyCreated,B,
30963.0,2021-09-13 14:22:23,2022-03-08 01:14:52,2022-03-10,ManuallyCreated,,
29913.0,2021-09-13 19:25:06,2021-10-14 04:34:34,2021-10-13,ManuallyCreated,,
89033.0,2021-09-16 04:40:46,2022-10-27 21:29:33,2022-10-30,API,B,
31053.0,2021-09-17 15:24:22,2021-09-20 16:06:21,2021-09-24,ManuallyCreated,C,
31053.0,2021-09-20 14:11:12,2022-03-19 14:21:45,2022-03-19,ManuallyCreated,,
31070.0,2021-09-20 19:41:55,2021-11-16 16:12:28,2021-11-25,API,B,
3971.0,2021-09-20 22:49:39,2022-06-08 14:18:30,2022-06-10,WebForms,C,
32458.0,2021-09-22 00:14:15,2021-11-24 04:00:00,2021-11-24,WebForms,B,
31752.0,2021-09-25 00:50:37,2021-10-27 18:20:17,2021-10-31,API,B,
31798.0,2021-09-28 13:12:39,2021-10-15 04:00:00,2021-10-15,ManuallyCreated,B,
31814.0,2021-09-28 19:33:17,2021-09-30 20:40:53,2021-09-30,API,C,
,2021-09-28 21:19:00,2021-12-27 20:25:52,2021-12-28,ManuallyCreated,B,
3609.0,2021-09-29 03:30:16,2021-09-29 20:40:44,,API,B,
3609.0,2021-09-30 12:46:51,2021-10-05 16:18:26,2021-10-04,ManuallyCreated,B,
3609.0,2021-09-30 12:47:45,2022-01-28 00:13:33,2022-01-27,ManuallyCreated,B,
31931.0,2021-10-05 13:32:24,2021-10-22 16:17:21,2021-10-25,API,C,
29026.0,2021-10-05 19:01:12,2022-01-10 22:28:22,2022-01-10,ManuallyCreated,C,
31963.0,2021-10-06 22:19:53,2022-03-08 20:58:20,,API,B,
29652.0,2021-10-07 18:44:48,2021-10-07 18:45:15,,ManuallyCreated,,
5929.0,2021-10-08 14:49:21,2021-12-31 20:52:31,2021-12-31,ManuallyCreated,B,
31715.0,2021-10-12 20:08:00,2021-10-19 17:24:32,,ManuallyCreated,,
,2021-10-14 02:01:16,2022-09-22 20:14:56,2022-09-30,Chatbot,B,
32043.0,2021-10-14 04:30:56,2021-12-31 04:00:00,2021-12-31,ManuallyCreated,B,
32045.0,2021-10-14 04:40:24,2021-10-15 17:05:58,2021-10-20,ManuallyCreated,C,
29738.0,2021-10-14 13:26:53,2021-10-22 23:40:46,2021-10-22,ManuallyCreated,B,
32063.0,2021-10-15 15:56:01,2023-01-26 01:58:58,2023-01-30,ManuallyCreated,C,
32064.0,2021-10-15 16:33:41,2021-10-14 04:00:00,,ManuallyCreated,B,
32045.0,2021-10-18 17:34:09,2022-01-14 04:00:00,2022-01-18,ManuallyCreated,C,
,2021-10-20 13:10:21,2021-12-02 19:32:11,2021-12-02,ManuallyCreated,B,
29936.0,2021-10-20 18:54:37,2021-12-03 19:15:46,2021-12-03,ManuallyCreated,,
29936.0,2021-10-20 18:55:11,2022-01-05 23:18:54,2022-01-06,ManuallyCreated,,
30954.0,2021-10-22 19:08:40,2022-01-26 00:19:05,2022-01-25,ManuallyCreated,C,
29282.0,2021-10-25 18:25:40,2021-11-30 19:56:48,2021-11-30,ManuallyCreated,B,
11099.0,2021-10-26 14:06:48,2022-02-22 22:22:55,2022-02-22,ManuallyCreated,B,
,2021-11-03 14:58:06,2021-11-29 20:05:15,2021-11-29,ManuallyCreated,C,
32292.0,2021-11-03 18:04:19,2021-11-21 03:50:18,2021-11-20,API,B,
29913.0,2021-11-03 21:28:39,2021-11-26 14:22:19,2021-11-26,ManuallyCreated,,
31752.0,2021-11-05 14:27:08,2021-11-05 14:27:59,,ManuallyCreated,,
32334.0,2021-11-06 19:31:12,2023-02-04 02:31:49,2023-02-04,API,C,
32355.0,2021-11-08 15:48:42,2022-06-13 19:16:35,2022-06-24,ManuallyCreated,A,
32486.0,2021-11-16 20:45:09,2021-11-26 19:03:41,2021-11-26,API,B,
16824.0,2021-11-17 12:26:01,2021-11-20 16:26:35,,API,C,
32518.0,2021-11-18 18:09:08,2021-12-01 15:46:09,2021-12-05,ManuallyCreated,,
33123.0,2021-11-20 15:56:43,2021-12-27 16:11:42,2021-12-30,API,B,
11052.0,2021-11-22 14:41:56,2021-11-25 16:20:56,2021-11-25,ManuallyCreated,C,
205893.0,2021-11-24 21:45:00,2023-03-06 21:15:08,2023-03-06,ManuallyCreated,C,
32639.0,2021-11-25 21:11:00,2022-01-06 19:46:25,2022-01-06,ManuallyCreated,B,
32458.0,2021-11-25 21:51:48,2021-11-24 04:00:00,2021-11-24,ManuallyCreated,B,
32458.0,2021-11-25 21:51:52,2021-11-24 04:00:00,2021-11-24,ManuallyCreated,B,
32684.0,2021-11-28 19:39:39,2023-04-29 19:45:50,2023-05-05,API,B,
32699.0,2021-11-29 19:40:08,2021-12-13 15:05:40,2021-12-13,ManuallyCreated,C,
32782.0,2021-12-03 18:14:09,2022-04-06 00:21:58,,API,B,
31852.0,2021-12-09 15:47:47,2022-01-21 23:35:20,2022-01-20,ManuallyCreated,,
29046.0,2021-12-09 23:31:22,2022-05-31 14:20:38,2022-05-30,ManuallyCreated,B,
32902.0,2021-12-13 01:37:00,2021-12-17 21:10:48,2021-12-17,API,C,
32915.0,2021-12-13 20:52:33,2021-12-31 16:02:15,2021-12-31,API,B,
26726.0,2021-12-14 14:57:16,2022-01-28 23:25:46,2022-01-31,ManuallyCreated,C,
32902.0,2021-12-17 21:11:26,2022-01-11 19:52:18,2022-01-11,ManuallyCreated,C,
32902.0,2021-12-17 21:12:28,2022-02-11 04:00:00,2022-02-10,ManuallyCreated,C,
33005.0,2021-12-18 08:42:50,2021-12-30 15:38:43,,API,C,
33034.0,2021-12-21 05:24:55,2022-01-03 15:30:36,,API,C,
33071.0,2021-12-27 14:05:23,2021-12-28 16:09:06,,ManuallyCreated,C,
33071.0,2021-12-28 16:10:58,2022-04-11 16:03:05,2022-04-11,ManuallyCreated,C,
33097.0,2021-12-29 13:29:09,2022-01-18 04:00:00,2022-01-18,ManuallyCreated,B,
32915.0,2021-12-31 16:27:28,2022-03-11 01:31:39,2022-03-10,ManuallyCreated,B,
33160.0,2022-01-04 11:48:33,2022-01-06 15:11:05,,API,C,
33174.0,2022-01-04 20:45:36,2022-03-08 19:59:37,2022-03-14,API,B,
4478.0,2022-01-06 19:08:24,2022-04-06 14:09:59,2022-04-18,ManuallyCreated,B,
16824.0,2022-01-06 19:36:44,2022-02-14 21:45:01,2022-02-21,ManuallyCreated,C,
32639.0,2022-01-06 19:46:34,2022-05-16 15:53:05,2022-05-10,ManuallyCreated,B,
5929.0,2022-01-06 21:55:44,2022-01-13 17:45:17,2022-01-12,ManuallyCreated,B,
33303.0,2022-01-12 13:13:50,2022-01-12 15:16:20,,ManuallyCreated,B,
33305.0,2022-01-12 15:13:06,2022-01-21 16:15:44,2022-01-22,ManuallyCreated,B,
33303.0,2022-01-12 15:16:41,2022-04-19 20:54:47,2022-04-15,ManuallyCreated,B,
5929.0,2022-01-13 17:45:06,2022-01-27 13:09:17,2022-01-27,ManuallyCreated,B,
29987.0,2022-01-14 19:42:05,2022-04-29 20:31:02,2022-04-30,ManuallyCreated,B,
33480.0,2022-01-18 18:18:20,2022-01-27 00:03:57,,API,C,
33490.0,2022-01-18 22:58:08,2022-01-24 22:54:32,2022-01-28,API,B,
11205.0,2022-01-21 23:01:40,2022-04-18 20:07:02,2022-04-20,ManuallyCreated,B,
33305.0,2022-01-21 23:03:47,2022-06-22 14:33:28,2022-06-22,ManuallyCreated,B,
33621.0,2022-01-23 23:59:48,2022-03-07 03:14:33,2022-03-03,API,B,
33490.0,2022-01-24 22:56:40,2022-02-24 21:50:54,2022-02-24,ManuallyCreated,B,
33490.0,2022-01-24 23:00:12,2022-03-19 14:24:04,2022-03-24,ManuallyCreated,B,
33480.0,2022-01-27 00:03:49,2022-03-31 20:45:26,2022-03-26,ManuallyCreated,C,
3609.0,2022-01-27 23:45:37,2022-02-21 04:00:00,2022-02-21,ManuallyCreated,B,
33743.0,2022-01-28 14:31:56,2022-01-31 16:41:40,2022-02-02,ManuallyCreated,C,
4425.0,2022-01-28 19:16:11,2022-01-31 03:32:05,,ManuallyCreated,C,
4425.0,2022-01-31 03:41:40,2022-07-18 17:51:44,2022-07-20,ManuallyCreated,C,
33804.0,2022-01-31 15:42:32,2022-06-30 20:57:47,2022-06-30,API,A,
33953.0,2022-01-31 20:29:49,2022-02-05 23:26:39,2022-02-04,Chatbot,C,
33844.0,2022-02-01 22:49:58,2023-06-01 01:05:29,2023-05-30,ManuallyCreated,A,
33867.0,2022-02-02 23:24:52,2022-02-14 19:06:09,2022-02-15,ManuallyCreated,B,
33887.0,2022-02-03 19:50:52,2023-05-25 19:17:19,2023-05-27,API,A,
5929.0,2022-02-07 13:25:28,2022-03-10 21:04:21,,ManuallyCreated,B,
203629.0,2022-02-08 19:15:46,2023-01-31 21:30:23,2023-01-31,ManuallyCreated,C,
384.0,2022-02-09 20:30:09,2022-02-21 15:36:05,2022-02-20,ManuallyCreated,B,
34079.0,2022-02-10 16:18:10,2023-07-24 23:28:46,2023-07-26,ManuallyCreated,B,
34183.0,2022-02-11 20:50:02,2022-03-03 17:50:11,,API,C,
33305.0,2022-02-14 12:42:16,2022-03-25 22:18:15,2022-03-25,ManuallyCreated,B,
34159.0,2022-02-14 21:14:27,2022-02-16 15:32:43,2022-02-17,ManuallyCreated,C,
34266.0,2022-02-18 19:47:13,2022-02-22 04:00:00,2022-02-23,ManuallyCreated,B,
29764.0,2022-02-18 23:24:39,2022-11-30 19:59:57,2022-11-30,API,B,
34368.0,2022-02-23 00:35:38,2022-04-30 01:06:58,2022-05-03,API,B,
34384.0,2022-02-23 21:07:42,2022-06-09 12:09:44,2022-06-10,API,B,
34407.0,2022-02-24 21:06:31,2022-03-17 12:51:36,2022-03-16,API,B,
34430.0,2022-02-25 18:15:53,2022-05-15 04:00:00,2022-05-15,ManuallyCreated,B,
34535.0,2022-03-02 16:18:08,2022-04-30 15:19:09,2022-04-29,API,B,
34183.0,2022-03-03 17:46:37,2022-06-18 04:00:00,2022-06-20,ManuallyCreated,C,
26726.0,2022-03-04 16:38:17,2022-03-22 14:26:11,2022-03-20,ManuallyCreated,C,
,2022-03-06 15:18:59,2022-03-16 21:33:30,2022-03-15,ManuallyCreated,B,
30963.0,2022-03-08 01:15:08,2022-04-11 19:11:31,2022-04-15,ManuallyCreated,,
27867.0,2022-03-08 03:47:46,2022-07-01 02:00:59,2022-06-30,API,A,
34726.0,2022-03-08 14:08:25,2022-06-24 23:15:30,2022-06-24,API,C,
5630.0,2022-03-08 16:15:14,2022-03-21 17:58:04,2022-03-24,API,B,
34677.0,2022-03-08 19:11:43,2022-06-14 01:36:14,2022-06-13,ManuallyCreated,,
33174.0,2022-03-08 19:52:45,2022-06-17 04:00:00,2022-06-17,ManuallyCreated,B,
34812.0,2022-03-10 20:44:55,2023-08-16 20:39:00,2023-08-11,API,C,
34815.0,2022-03-10 21:38:44,2022-03-30 15:29:11,,ManuallyCreated,,
26726.0,2022-03-11 01:45:37,2022-04-20 21:10:36,2022-04-20,ManuallyCreated,C,
11126.0,2022-03-11 15:39:17,2022-06-27 14:00:18,2022-06-27,ManuallyCreated,A,
235266.0,2022-03-16 14:34:17,2024-05-28 18:14:51,,API,B,
10868.0,2022-03-17 01:22:45,2022-04-06 23:39:57,,API,B,
35187.0,2022-03-23 21:02:07,2022-11-01 02:47:31,2022-10-31,ManuallyCreated,A,
5929.0,2022-03-24 13:07:49,2022-03-29 14:45:40,2022-03-25,ManuallyCreated,B,
35295.0,2022-03-28 19:08:20,2022-04-30 04:00:00,2022-04-30,API,C,
35299.0,2022-03-29 02:51:41,2022-04-30 04:00:00,,API,C,
35309.0,2022-03-29 21:16:19,2022-05-08 23:05:08,2022-05-07,API,B,
20413.0,2022-03-30 15:15:39,2022-05-17 23:46:31,2022-05-20,ManuallyCreated,A,
35343.0,2022-03-31 10:10:09,2022-06-30 20:48:58,2022-06-30,API,B,
30076.0,2022-03-31 12:46:08,2022-06-08 16:47:16,2022-06-10,ManuallyCreated,B,
5929.0,2022-03-31 12:49:00,2022-04-23 14:25:00,2022-04-23,ManuallyCreated,B,
5929.0,2022-03-31 12:49:42,2022-05-31 14:20:49,2022-05-27,ManuallyCreated,B,
5929.0,2022-03-31 12:50:33,2022-07-12 21:29:02,2022-07-11,ManuallyCreated,B,
35357.0,2022-03-31 20:25:40,2023-02-28 22:58:25,2023-02-28,API,B,
,2022-04-05 19:30:01,2022-09-07 14:33:03,2022-09-10,ManuallyCreated,B,
35426.0,2022-04-06 00:08:53,2022-04-06 16:57:21,,ManuallyCreated,C,
35427.0,2022-04-06 00:10:56,2022-04-06 16:57:06,,ManuallyCreated,B,
38200.0,2022-04-06 14:26:46,2022-06-30 03:16:51,2022-06-30,API,A,
35456.0,2022-04-08 01:23:13,2023-07-31 11:42:37,,API,B,
34538.0,2022-04-08 13:57:06,2022-04-21 00:44:17,2022-04-20,ManuallyCreated,B,
,2022-04-09 07:17:20,2022-05-02 23:49:11,2022-05-02,Chatbot,B,
89669.0,2022-04-11 23:28:25,2022-11-08 15:37:38,2022-11-07,Chatbot,B,
35559.0,2022-04-14 14:17:54,2022-04-22 22:49:53,2022-04-22,API,B,
36169.0,2022-04-18 16:52:06,2022-05-14 04:00:00,2022-05-14,ManuallyCreated,B,
35618.0,2022-04-19 13:40:14,2022-04-30 01:31:52,2022-04-29,API,B,
35645.0,2022-04-21 05:02:06,2022-04-28 16:01:59,2022-04-27,API,B,
35733.0,2022-04-25 14:38:50,2022-07-31 22:06:24,2022-07-29,ManuallyCreated,C,
35745.0,2022-04-25 23:02:30,2023-11-29 13:21:15,2023-11-29,ManuallyCreated,B,
35764.0,2022-04-26 21:47:50,2023-07-01 01:44:48,2023-06-28,ManuallyCreated,A,
35773.0,2022-04-27 04:35:09,2022-04-30 04:00:00,2022-04-30,ManuallyCreated,C,
35778.0,2022-04-27 16:02:34,2022-05-18 23:58:37,2022-05-18,ManuallyCreated,B,
,2022-04-28 16:27:03,2022-05-17 19:23:45,2022-05-18,ManuallyCreated,C,
35794.0,2022-04-28 20:40:10,2022-06-02 20:38:08,2022-06-03,API,B,
35804.0,2022-04-30 00:03:54,2022-04-30 04:00:00,,ManuallyCreated,B,
34368.0,2022-04-30 01:07:18,2022-06-21 02:41:26,2022-06-20,ManuallyCreated,B,
34368.0,2022-04-30 01:07:56,2022-08-19 04:00:00,2022-08-20,ManuallyCreated,B,
35618.0,2022-04-30 01:20:03,2022-07-09 17:05:15,2022-07-10,ManuallyCreated,B,
35773.0,2022-04-30 16:37:02,2022-06-30 03:04:47,2022-06-30,ManuallyCreated,C,
,2022-04-30 23:53:03,2022-10-04 00:08:48,2022-09-30,ManuallyCreated,B,
35773.0,2022-05-01 21:48:54,2022-05-25 19:24:12,2022-05-30,ManuallyCreated,C,
,2022-05-03 00:41:03,2022-08-19 04:00:00,2022-08-26,ManuallyCreated,B,
,2022-05-05 12:52:54,2022-08-03 18:31:56,2022-08-03,ManuallyCreated,B,
36197.0,2022-05-05 18:57:36,2022-05-24 16:11:05,2022-05-23,Chatbot,B,
35934.0,2022-05-05 20:52:22,2022-05-30 04:00:00,2022-05-31,ManuallyCreated,B,
35948.0,2022-05-06 01:18:22,2022-05-31 22:53:20,2022-05-30,API,C,
35954.0,2022-05-06 11:34:41,2022-10-03 20:46:52,2022-10-31,API,C,
36189.0,2022-05-06 14:42:33,2022-06-14 00:52:37,2022-06-17,Chatbot,B,
35984.0,2022-05-07 14:24:44,2023-02-28 01:29:24,2023-02-28,ManuallyCreated,C,
36050.0,2022-05-10 17:47:12,2022-08-18 16:10:00,2022-08-30,API,B,
,2022-05-12 15:08:45,2022-07-08 00:04:30,,ManuallyCreated,C,
36107.0,2022-05-12 21:37:21,2023-09-10 22:43:24,2023-09-09,API,A,
36169.0,2022-05-16 14:25:13,2022-07-20 04:00:00,2022-07-10,ManuallyCreated,B,
36169.0,2022-05-16 14:27:09,2022-11-20 00:19:03,2022-11-18,ManuallyCreated,B,
36181.0,2022-05-16 23:47:39,2022-10-13 16:00:18,2022-10-13,API,B,
36235.0,2022-05-19 13:56:31,2022-07-19 04:00:00,2022-07-31,API,A,
36244.0,2022-05-19 22:06:29,2022-11-19 19:18:33,2022-11-19,API,A,
36345.0,2022-05-21 17:27:47,2023-11-16 02:58:48,2023-11-16,API,B,
36311.0,2022-05-23 23:35:13,2022-05-31 23:48:34,2022-05-31,ManuallyCreated,B,
34266.0,2022-05-25 12:44:06,2022-05-25 12:50:42,2022-05-16,ManuallyCreated,B,
36333.0,2022-05-25 13:17:32,2022-06-04 13:56:58,2022-06-04,API,B,
36354.0,2022-05-25 19:22:08,2022-05-26 03:39:24,2022-05-27,ManuallyCreated,B,
36357.0,2022-05-26 02:13:56,2022-09-30 04:00:00,2022-09-30,API,B,
36365.0,2022-05-26 22:22:40,2022-06-07 03:08:42,2022-06-06,ManuallyCreated,B,
36382.0,2022-05-28 14:39:28,2023-02-16 00:00:00,2023-01-31,API,A,
36413.0,2022-05-30 22:41:52,2022-05-30 22:56:37,,ManuallyCreated,,
15319.0,2022-05-31 18:29:38,2022-07-10 04:00:00,2022-07-10,ManuallyCreated,B,
38055.0,2022-06-03 15:36:56,2023-03-14 00:00:00,2023-02-28,Chatbot,A,
36573.0,2022-06-04 14:05:53,2022-07-01 02:01:28,,API,B,
36612.0,2022-06-06 03:27:35,2022-06-14 21:32:19,2022-06-14,API,B,
36624.0,2022-06-06 15:01:04,2022-07-31 22:06:19,2022-07-29,ManuallyCreated,B,
36634.0,2022-06-06 19:51:58,2022-06-09 12:28:17,,API,C,
36643.0,2022-06-07 03:00:02,2022-09-07 21:56:14,2022-09-15,API,C,
36669.0,2022-06-08 13:47:14,2022-06-08 13:56:40,,ManuallyCreated,B,
14031.0,2022-06-08 17:23:26,2022-06-08 17:25:37,2022-06-08,ManuallyCreated,C,
,2022-06-08 19:56:20,2022-07-06 01:25:28,2022-07-05,Chatbot,B,
36743.0,2022-06-10 01:06:06,2023-10-16 18:37:20,2023-10-14,API,C,
36764.0,2022-06-10 14:00:26,2022-06-22 23:22:25,2022-06-22,API,B,
232058.0,2022-06-12 12:13:48,2024-03-26 15:31:18,2024-03-23,API,B,
37164.0,2022-06-16 23:40:42,2023-10-16 21:14:53,2023-10-14,API,B,
37194.0,2022-06-17 18:13:10,2022-07-28 01:20:06,2022-07-27,API,B,
37239.0,2022-06-18 10:06:13,2022-07-07 14:50:41,2022-07-07,API,C,
37407.0,2022-06-19 23:37:40,2024-03-06 19:30:51,2024-03-05,API,C,
37479.0,2022-06-20 17:02:05,2022-11-08 21:14:58,,API,B,
37990.0,2022-06-27 14:55:06,2023-03-24 17:00:28,2023-03-24,API,C,
121808.0,2022-06-27 15:00:10,2022-11-19 19:43:46,2022-11-30,API,B,
38064.0,2022-06-28 14:43:34,2022-07-28 17:48:10,2022-07-30,API,A,
38089.0,2022-06-28 17:59:53,2024-01-12 22:30:16,2024-01-20,API,B,
38121.0,2022-06-29 00:55:13,2022-07-08 23:26:56,2022-07-08,API,B,
35948.0,2022-06-30 22:25:30,2022-06-30 04:00:00,2022-05-30,ManuallyCreated,C,
27867.0,2022-07-01 01:58:45,2022-07-01 02:01:19,2022-06-30,ManuallyCreated,A,
38492.0,2022-07-04 17:04:25,2022-07-09 16:58:23,2022-07-09,API,C,
38550.0,2022-07-05 15:01:20,2022-07-14 16:29:39,2022-07-08,API,B,
38800.0,2022-07-07 19:53:26,2022-08-30 04:00:00,,Import,A,
39111.0,2022-07-07 23:23:57,2022-07-13 04:00:00,2022-07-13,ManuallyCreated,C,
39188.0,2022-07-08 00:53:39,2024-07-08 20:03:18,,Import,B,
39917.0,2022-07-08 16:18:52,2023-12-22 21:57:23,2023-12-30,ManuallyCreated,A,
,2022-07-10 19:43:06,2022-10-31 22:05:20,,API,A,
40654.0,2022-07-13 21:29:27,2022-11-01 02:47:34,2022-10-31,ManuallyCreated,B,
40762.0,2022-07-15 13:22:00,2023-04-07 16:27:07,2023-04-08,API,B,
40782.0,2022-07-15 16:56:42,2023-11-17 15:34:14,2023-11-18,ManuallyCreated,B,
29157.0,2022-07-15 21:04:45,2022-10-13 15:59:12,2022-10-12,ManuallyCreated,B,
238853.0,2022-07-15 21:56:51,2024-08-14 04:00:00,,API,B,
39100.0,2022-07-18 04:20:25,2022-07-29 03:19:14,2022-07-28,API,B,
40937.0,2022-07-18 14:56:57,2022-08-15 19:28:32,2022-08-15,Chatbot,C,
233003.0,2022-07-18 16:24:13,2024-03-26 00:00:00,2024-03-25,API,B,
41055.0,2022-07-19 14:22:53,2022-07-22 20:24:54,2022-07-22,ManuallyCreated,B,
20481.0,2022-07-20 19:29:06,2022-09-01 21:57:53,2022-09-01,ManuallyCreated,B,
12711.0,2022-07-21 01:44:35,2022-09-30 18:02:59,2022-09-30,ManuallyCreated,B,
41174.0,2022-07-22 11:54:56,2023-04-28 00:00:00,2023-02-28,API,B,
41193.0,2022-07-22 17:20:09,2022-08-01 23:10:51,2022-08-01,API,C,
41213.0,2022-07-22 22:39:16,2022-07-29 20:40:32,2022-07-29,ManuallyCreated,B,
41245.0,2022-07-23 21:35:34,2022-09-01 00:17:58,2022-08-31,API,B,
41349.0,2022-07-25 21:01:05,2023-10-26 14:44:50,2023-10-27,API,C,
,2022-07-26 20:28:41,2022-07-28 01:06:39,2022-07-27,ManuallyCreated,C,
41442.0,2022-07-27 11:20:48,2022-12-19 23:54:08,2022-12-23,API,B,
26811.0,2022-07-27 17:34:01,2022-07-28 15:52:15,2022-07-30,API,B,
240332.0,2022-07-28 19:29:07,2024-09-25 23:50:49,2024-09-20,API,B,
41601.0,2022-07-29 19:24:37,2023-08-01 01:34:22,2023-07-31,API,B,
41615.0,2022-07-29 21:59:22,2022-07-29 04:00:00,,ManuallyCreated,C,
41661.0,2022-07-30 22:12:53,2023-11-30 15:11:44,2023-11-30,API,B,
41741.0,2022-08-01 19:19:40,2022-08-31 15:27:24,2022-08-31,API,C,
89511.0,2022-08-03 16:37:08,2022-08-31 00:00:00,2022-08-31,API,B,
,2022-08-03 18:32:14,2022-09-13 00:20:09,2022-09-15,ManuallyCreated,B,
41897.0,2022-08-04 21:22:10,2022-10-31 23:22:12,2022-10-31,ManuallyCreated,B,
41940.0,2022-08-05 16:16:05,2022-09-02 18:54:45,2022-09-03,ManuallyCreated,C,
42057.0,2022-08-08 18:34:50,2023-02-07 13:34:19,2023-02-11,API,B,
42088.0,2022-08-09 11:42:37,2023-04-17 15:45:53,2023-04-21,API,B,
35948.0,2022-08-15 17:25:04,2023-05-10 13:21:57,2023-01-10,ManuallyCreated,C,
40937.0,2022-08-15 19:27:13,2022-10-17 15:09:42,2022-10-22,ManuallyCreated,C,
42491.0,2022-08-16 22:01:51,2023-05-24 17:47:32,2023-05-26,API,B,
,2022-08-17 00:33:52,2022-08-25 13:08:20,2022-08-26,Chatbot,A,
,2022-08-18 13:42:50,2022-09-19 21:18:11,2022-09-23,ManuallyCreated,C,
42569.0,2022-08-18 14:29:24,2022-08-24 22:35:41,2022-08-24,API,B,
42588.0,2022-08-19 00:57:38,2023-06-30 23:59:19,2023-06-30,API,C,
42614.0,2022-08-19 19:17:35,2022-08-26 15:20:11,2022-08-26,ManuallyCreated,B,
,2022-08-20 13:59:25,2022-09-30 14:55:18,2022-09-30,ManuallyCreated,B,
12870.0,2022-08-21 14:43:02,2022-11-08 18:12:02,2022-11-09,API,B,
19540.0,2022-08-22 15:07:32,2022-08-31 15:27:48,2022-08-31,ManuallyCreated,B,
42743.0,2022-08-23 03:38:11,2024-06-25 20:26:54,2024-06-29,API,B,
6459.0,2022-08-24 21:14:02,2022-10-21 15:02:36,2022-10-21,ManuallyCreated,B,
42863.0,2022-08-25 23:31:25,2022-10-28 16:21:11,2022-10-28,ManuallyCreated,A,
,2022-08-26 12:41:48,2022-09-13 14:28:18,2022-09-13,Chatbot,C,
42999.0,2022-08-29 01:17:20,2022-08-30 23:01:08,2022-08-30,API,B,
38303.0,2022-08-29 13:28:22,2022-09-05 20:09:41,2022-09-10,API,B,
43063.0,2022-08-30 13:43:35,2022-09-10 14:27:08,2022-09-15,API,B,
42999.0,2022-08-30 14:45:47,2022-11-28 20:25:29,2022-11-30,ManuallyCreated,B,
43082.0,2022-08-30 18:58:58,2023-02-01 03:50:23,2023-01-21,API,C,
41845.0,2022-08-31 22:39:13,2022-12-19 14:01:17,2022-12-16,ManuallyCreated,B,
41845.0,2022-08-31 22:40:10,2022-12-19 19:52:14,2023-02-10,ManuallyCreated,B,
41245.0,2022-09-01 00:18:11,2022-10-27 00:39:56,2022-10-29,ManuallyCreated,B,
41245.0,2022-09-01 00:20:05,2023-01-20 22:40:52,2023-01-20,ManuallyCreated,B,
29548.0,2022-09-01 00:23:10,2022-10-31 22:29:07,2022-10-31,ManuallyCreated,A,
43156.0,2022-09-01 14:16:37,2022-09-13 00:38:26,2022-09-12,ManuallyCreated,B,
43176.0,2022-09-01 20:58:27,2023-09-06 19:28:25,2023-09-15,API,C,
43213.0,2022-09-02 12:27:22,2023-02-14 16:02:18,2023-02-14,API,B,
15139.0,2022-09-02 16:00:59,2022-09-03 20:37:09,,ManuallyCreated,B,
35487.0,2022-09-02 21:34:20,2022-09-02 21:33:53,2022-09-02,ManuallyCreated,B,
43275.0,2022-09-03 15:52:12,2022-09-17 17:49:18,,ManuallyCreated,B,
15139.0,2022-09-03 20:34:41,2022-10-04 00:22:48,2022-09-30,ManuallyCreated,B,
15139.0,2022-09-03 20:34:50,2023-01-06 14:25:39,2023-01-05,ManuallyCreated,B,
11417.0,2022-09-05 14:34:10,2022-09-17 17:16:40,2022-10-31,API,B,
43429.0,2022-09-06 10:35:48,2023-01-17 01:38:33,2023-01-20,API,B,
43528.0,2022-09-07 19:25:29,2022-09-19 14:18:32,2022-09-19,API,B,
43571.0,2022-09-08 15:11:48,2022-09-16 21:18:32,2022-09-16,API,B,
43610.0,2022-09-09 16:18:28,2022-12-21 22:59:27,2022-12-20,API,B,
43684.0,2022-09-11 17:25:19,2022-10-20 03:07:39,2022-10-22,API,B,
43723.0,2022-09-12 19:38:42,2023-06-14 23:58:49,2023-06-15,ManuallyCreated,B,
43759.0,2022-09-13 03:03:59,2022-11-01 02:55:44,2022-10-31,API,B,
204638.0,2022-09-13 20:58:13,2024-08-31 04:00:00,2024-08-31,ManuallyCreated,B,
145903.0,2022-09-14 16:21:22,2022-11-29 04:00:00,2022-11-30,API,B,
,2022-09-14 22:15:46,2022-09-22 14:35:38,2022-09-24,ManuallyCreated,B,
14085.0,2022-09-16 00:38:44,2022-09-29 17:00:11,2022-09-27,API,B,
8802.0,2022-09-16 16:24:00,2022-09-29 04:00:00,2022-09-30,API,B,
44151.0,2022-09-17 15:11:05,2022-10-06 14:53:45,2022-10-07,WebForms,B,
11417.0,2022-09-17 17:17:52,2022-12-01 03:34:28,2022-11-30,ManuallyCreated,B,
11417.0,2022-09-17 17:18:41,2023-02-01 00:30:44,2023-01-31,ManuallyCreated,B,
44087.0,2022-09-19 16:24:31,2023-04-17 00:00:00,2023-03-31,ManuallyCreated,B,
,2022-09-19 21:18:08,2023-03-27 20:55:21,2023-03-15,ManuallyCreated,C,
,2022-09-19 21:20:34,2023-05-03 00:00:00,2023-03-20,ManuallyCreated,C,
55777.0,2022-09-20 01:18:48,2022-10-11 01:36:16,2022-10-15,Chatbot,B,
48853.0,2022-09-20 21:12:51,2022-11-24 15:13:51,2022-12-30,Import,B,
54646.0,2022-09-23 20:23:39,2022-09-23 20:27:49,,ManuallyCreated,B,
160936.0,2022-09-24 00:18:08,2022-12-01 03:09:43,2022-12-05,WebForms,A,
161025.0,2022-09-24 01:38:57,2022-12-09 15:31:58,2022-12-17,WebForms,B,
54763.0,2022-09-26 18:37:05,2022-09-29 17:00:23,,API,B,
515.0,2022-09-26 19:51:02,2023-09-18 21:54:26,2023-09-09,API,B,
57104.0,2022-09-27 16:40:48,2022-11-28 20:25:58,2022-11-30,Import,A,
15905.0,2022-09-28 01:48:55,2022-10-21 20:02:24,2022-10-22,ManuallyCreated,B,
15905.0,2022-09-28 01:49:40,2022-12-20 23:23:11,2022-12-21,ManuallyCreated,B,
,2022-09-28 11:53:21,2022-09-29 16:44:28,2022-09-29,WebForms,B,
,2022-09-28 11:58:18,2022-11-01 02:47:16,2022-10-31,WebForms,A,
57350.0,2022-09-28 22:17:37,2022-11-29 18:38:20,2022-11-29,ManuallyCreated,B,
14085.0,2022-09-29 18:58:58,2023-01-04 15:27:54,2023-01-06,ManuallyCreated,A,
57397.0,2022-09-29 20:46:37,2022-09-30 04:00:00,2022-09-30,ManuallyCreated,B,
88863.0,2022-09-30 01:13:56,2022-10-10 04:00:00,2022-10-10,API,B,
8802.0,2022-09-30 16:44:58,2022-11-24 20:46:29,2022-11-21,ManuallyCreated,B,
57505.0,2022-10-03 15:03:22,2022-10-30 22:45:51,2022-10-29,API,B,
30075.0,2022-10-04 00:28:35,2022-12-12 14:35:57,2022-12-10,ManuallyCreated,B,
30075.0,2022-10-04 00:30:15,2023-02-13 00:00:00,2023-02-10,ManuallyCreated,B,
59887.0,2022-10-05 02:54:04,2022-11-30 18:14:31,2022-11-30,Import,A,
73860.0,2022-10-10 22:14:59,2022-12-01 03:45:16,,Import,B,
73881.0,2022-10-10 22:15:09,2022-11-30 19:41:11,2022-11-30,Import,B,
76935.0,2022-10-10 22:42:09,2022-10-31 20:32:09,2022-10-31,Import,A,
78853.0,2022-10-11 16:09:08,2023-01-17 00:00:00,2023-01-18,API,B,
78936.0,2022-10-12 22:00:45,2023-03-03 00:44:35,2023-03-17,API,B,
89294.0,2022-10-12 23:33:41,2023-08-31 19:54:27,2023-08-31,API,B,
78977.0,2022-10-13 23:24:27,2022-10-18 18:54:33,2022-10-17,API,A,
78999.0,2022-10-14 14:38:25,2023-09-29 22:35:11,2023-09-26,ManuallyCreated,B,
79029.0,2022-10-15 11:21:41,2024-07-26 22:43:45,2024-01-31,API,B,
79056.0,2022-10-16 06:05:15,2023-02-04 03:04:08,2023-02-11,API,B,
79059.0,2022-10-16 11:08:01,2023-01-31 16:54:14,2023-01-31,API,B,
202988.0,2022-10-17 15:01:25,2024-02-29 00:00:00,2024-02-29,Import,B,
83979.0,2022-10-17 15:11:17,2024-11-21 20:20:07,2024-11-21,Import,B,
84813.0,2022-10-17 15:18:44,2023-01-31 00:00:00,2023-01-31,Import,C,
85347.0,2022-10-17 15:23:27,2024-11-18 20:03:34,,Import,B,
88655.0,2022-10-17 15:52:31,2023-01-25 02:27:43,2023-01-28,Import,A,
88827.0,2022-10-17 19:22:09,2023-06-22 00:00:00,2023-06-30,ManuallyCreated,A,
137499.0,2022-10-19 03:34:12,2022-11-24 04:00:00,2022-11-25,API,A,
88936.0,2022-10-19 19:16:23,2022-11-21 22:16:03,2022-11-23,ManuallyCreated,C,
,2022-10-19 21:25:43,2022-11-30 16:17:28,2022-11-30,ManuallyCreated,C,
89233.0,2022-10-27 12:47:16,2022-10-31 16:41:09,2022-10-31,API,B,
89325.0,2022-10-29 20:01:04,2022-12-16 14:03:33,2022-12-15,API,B,
89233.0,2022-10-31 16:41:15,2023-02-10 21:41:33,2023-02-10,ManuallyCreated,B,
41897.0,2022-11-01 00:49:35,2023-03-27 15:50:30,2023-03-24,ManuallyCreated,B,
89463.0,2022-11-02 18:51:04,2022-11-10 02:22:52,2022-11-12,API,B,
89477.0,2022-11-02 22:49:10,2022-11-30 20:04:51,2022-11-30,ManuallyCreated,C,
89495.0,2022-11-03 14:31:26,2022-11-16 18:35:35,2022-11-19,API,B,
89530.0,2022-11-04 14:04:11,2022-11-10 14:32:58,,ManuallyCreated,B,
89544.0,2022-11-04 21:49:27,2022-11-07 23:04:55,2022-11-11,API,B,
89553.0,2022-11-05 01:13:04,2022-11-18 15:37:24,2022-11-25,API,B,
89640.0,2022-11-07 19:06:18,2022-11-09 13:45:15,2022-11-12,ManuallyCreated,B,
89749.0,2022-11-10 13:27:42,2022-11-25 04:00:00,2022-11-25,Chatbot,B,
29907.0,2022-11-10 14:33:33,2023-03-31 22:35:57,2023-03-31,ManuallyCreated,B,
43759.0,2022-11-10 19:37:51,2022-12-30 00:04:06,2022-12-30,ManuallyCreated,B,
89848.0,2022-11-13 16:09:32,2022-11-25 21:49:54,2022-11-25,API,B,
,2022-11-13 19:14:38,2023-01-21 00:38:51,2023-01-20,ManuallyCreated,A,
89885.0,2022-11-14 19:14:19,2022-11-18 14:48:23,2022-11-30,API,B,
93769.0,2022-11-14 21:23:08,2022-11-25 21:50:16,2022-11-25,Import,B,
93952.0,2022-11-15 17:41:14,2022-11-25 21:51:41,2022-11-25,API,B,
93958.0,2022-11-15 19:33:59,2023-02-22 22:34:43,2023-02-24,API,A,
96590.0,2022-11-16 00:32:55,2023-05-25 14:47:37,2023-05-22,Import,B,
121783.0,2022-11-18 21:24:41,2022-11-25 04:00:00,2022-11-25,ManuallyCreated,B,
35187.0,2022-11-18 22:18:49,2023-06-22 18:42:42,2023-03-31,ManuallyCreated,A,
12870.0,2022-11-18 23:11:30,2023-03-14 00:08:51,2023-02-10,ManuallyCreated,B,
4707.0,2022-11-18 23:23:52,2022-12-31 22:17:57,2022-12-27,ManuallyCreated,C,
4707.0,2022-11-18 23:24:34,2023-01-21 22:49:14,2023-01-20,ManuallyCreated,C,
4707.0,2022-11-18 23:24:54,2023-03-11 01:54:52,2023-02-28,ManuallyCreated,C,
121835.0,2022-11-20 21:38:02,2022-12-01 02:54:19,2022-11-28,API,B,
121839.0,2022-11-21 10:39:39,2022-11-25 15:49:14,2022-11-25,API,B,
122385.0,2022-11-22 17:33:39,2023-04-22 20:12:48,2023-04-22,API,B,
8802.0,2022-11-24 20:31:07,2023-01-13 00:00:00,2023-01-20,ManuallyCreated,B,
122442.0,2022-11-24 23:43:12,2022-11-28 15:39:17,2022-11-30,API,B,
123210.0,2022-11-28 19:26:29,2023-02-01 01:16:16,2023-01-30,API,A,
126185.0,2022-11-28 20:03:15,2022-12-01 02:28:43,2022-11-30,ManuallyCreated,B,
206644.0,2022-11-28 23:10:26,2023-02-28 00:00:00,2023-02-28,Chatbot,A,
137497.0,2022-11-29 21:38:17,2022-11-30 04:00:00,,ManuallyCreated,C,
222613.0,2022-11-29 23:19:51,2023-09-07 00:00:00,2023-09-07,API,B,
137510.0,2022-11-30 09:28:42,2022-12-08 21:17:00,2022-12-10,API,B,
137547.0,2022-11-30 23:09:25,2022-12-09 14:53:41,2022-12-10,API,B,
126185.0,2022-12-01 02:28:50,2023-01-27 21:14:57,2023-01-30,ManuallyCreated,B,
121835.0,2022-12-01 02:54:35,2023-01-12 14:51:34,2023-01-21,ManuallyCreated,B,
121835.0,2022-12-01 02:55:34,2023-01-27 21:11:06,2023-01-30,ManuallyCreated,B,
73860.0,2022-12-01 03:34:53,2023-01-16 21:21:08,,ManuallyCreated,B,
139223.0,2022-12-05 13:44:36,2023-07-17 13:06:52,2023-07-15,Import,B,
140751.0,2022-12-05 14:03:15,2023-12-01 03:27:34,2023-11-30,Import,B,
143838.0,2022-12-05 14:40:16,2023-11-15 14:58:22,2023-11-30,Import,A,
202774.0,2022-12-05 16:54:31,2023-01-12 23:02:56,2023-01-12,API,B,
149727.0,2022-12-05 20:31:40,2022-12-14 20:12:32,2022-12-17,API,B,
,2022-12-05 21:39:54,2022-12-29 23:00:32,2022-12-29,ManuallyCreated,B,
12711.0,2022-12-05 22:02:56,2022-12-31 22:24:43,2022-12-30,ManuallyCreated,B,
160918.0,2022-12-05 23:05:36,2023-01-27 22:57:26,2023-01-27,ManuallyCreated,B,
160962.0,2022-12-07 02:54:03,2022-12-31 23:31:54,2022-12-31,API,B,
137497.0,2022-12-08 23:57:21,2023-01-25 20:59:14,2023-01-27,ManuallyCreated,C,
161075.0,2022-12-11 18:41:04,2022-12-23 20:46:46,2022-12-26,API,B,
161380.0,2022-12-13 23:32:07,2023-03-15 00:11:32,2023-03-15,Import,B,
181234.0,2022-12-14 14:47:31,2022-12-30 20:14:39,2022-12-27,ManuallyCreated,B,
181247.0,2022-12-14 20:37:10,2022-12-30 19:31:43,2022-12-31,API,B,
181248.0,2022-12-14 20:39:44,2022-12-23 14:58:09,2022-12-23,ManuallyCreated,B,
89848.0,2022-12-15 23:41:34,2023-04-03 16:22:28,2023-03-29,ManuallyCreated,B,
181294.0,2022-12-16 14:14:55,2023-05-01 00:03:39,2023-04-28,ManuallyCreated,B,
57104.0,2022-12-19 21:28:22,2023-05-22 00:36:45,2023-03-24,ManuallyCreated,A,
27351.0,2022-12-20 19:20:08,2023-01-30 22:34:48,2023-01-30,API,B,
181761.0,2022-12-20 21:52:07,2023-07-31 22:35:16,,Import,B,
184756.0,2022-12-20 22:28:05,2024-09-30 20:32:48,,Import,B,
202596.0,2022-12-21 02:10:54,2023-01-10 20:51:09,2023-01-15,Import,B,
238235.0,2022-12-21 15:36:13,2024-07-27 14:31:00,2023-12-30,Chatbot,B,
202803.0,2022-12-22 21:31:00,2022-12-31 17:26:34,2022-12-31,API,B,
,2022-12-23 07:12:16,2022-12-31 22:19:30,2022-12-30,Chatbot,B,
202815.0,2022-12-23 15:32:14,2023-07-31 23:15:15,2023-07-31,ManuallyCreated,B,
203596.0,2022-12-23 17:57:16,2023-01-31 16:06:48,2023-01-30,API,B,1428.0
27113.0,2022-12-26 16:39:16,2022-12-31 14:09:27,2022-12-31,API,B,
231700.0,2022-12-27 15:23:23,2024-03-28 21:34:39,2024-03-29,Chatbot,B,
160962.0,2022-12-27 17:10:00,2023-02-24 19:26:26,2023-02-09,ManuallyCreated,B,
202978.0,2022-12-29 23:13:56,2022-12-29 23:14:09,2022-12-29,ManuallyCreated,B,
181234.0,2022-12-31 16:31:54,2023-02-13 13:54:48,2023-02-15,ManuallyCreated,B,
181248.0,2022-12-31 22:05:20,2023-03-17 14:28:43,2023-03-10,ManuallyCreated,B,
203148.0,2023-01-03 20:21:35,2023-01-11 00:42:13,2023-01-11,API,B,
203149.0,2023-01-03 20:24:54,2023-01-12 17:44:11,2023-01-12,ManuallyCreated,C,
160962.0,2023-01-04 14:10:48,2023-02-24 19:30:05,2023-02-20,ManuallyCreated,B,
203202.0,2023-01-04 18:15:30,2023-01-31 22:21:37,2023-01-31,API,B,
204072.0,2023-01-05 13:46:41,2023-01-24 21:55:15,2023-01-24,ManuallyCreated,C,
13018.0,2023-01-09 13:37:12,2023-01-20 23:57:39,2023-01-20,API,A,
203437.0,2023-01-09 16:28:08,2023-01-11 00:00:00,2023-01-11,ManuallyCreated,B,
203440.0,2023-01-09 16:46:34,2023-01-11 03:56:36,,ManuallyCreated,C,
203448.0,2023-01-09 19:51:33,2023-01-26 02:15:10,2023-01-30,API,B,
203148.0,2023-01-11 00:32:20,2023-02-14 20:11:23,2023-02-20,ManuallyCreated,B,
203440.0,2023-01-11 02:21:26,2023-02-28 18:39:16,2023-02-28,ManuallyCreated,C,
231670.0,2023-01-11 16:07:33,2024-02-29 00:00:00,2024-02-29,ManuallyCreated,B,
203591.0,2023-01-12 14:21:07,2023-01-31 23:04:47,2023-01-31,ManuallyCreated,C,
8802.0,2023-01-13 23:08:24,2023-03-31 23:29:10,2023-03-31,ManuallyCreated,B,
203772.0,2023-01-16 20:18:52,2023-01-26 20:46:46,2023-01-26,ManuallyCreated,A,
203359.0,2023-01-16 20:28:50,2023-02-01 01:36:19,2023-01-30,ManuallyCreated,B,
204267.0,2023-01-17 06:07:27,2023-05-16 00:00:00,2023-02-28,Chatbot,B,
160936.0,2023-01-17 20:12:30,2023-01-17 20:17:37,2023-01-28,ManuallyCreated,A,
204143.0,2023-01-18 21:15:19,2023-01-31 21:31:15,2023-01-30,Chatbot,A,
203897.0,2023-01-19 14:43:18,2023-01-30 16:29:13,2023-01-30,ManuallyCreated,C,
203964.0,2023-01-19 17:18:26,2023-01-31 00:00:00,2023-01-31,Chatbot,A,
203942.0,2023-01-19 23:48:18,2024-11-26 23:10:28,,API,B,
223037.0,2023-01-20 13:40:33,2023-02-01 00:42:56,2023-01-30,API,C,
27574.0,2023-01-23 15:35:26,2023-07-12 22:40:37,2023-07-15,ManuallyCreated,C,
19418.0,2023-01-23 20:16:51,2024-11-12 21:06:59,2024-11-15,API,B,
204072.0,2023-01-24 16:09:02,2023-02-28 01:37:31,2023-02-25,ManuallyCreated,C,
204094.0,2023-01-24 17:17:25,2023-01-30 22:51:31,2023-01-30,API,A,
204163.0,2023-01-26 02:36:23,2023-06-23 01:26:47,2023-06-24,API,B,
204293.0,2023-01-29 11:40:36,2023-02-13 23:27:35,2023-02-15,API,B,
204321.0,2023-01-30 11:43:50,2023-06-15 00:00:00,2023-05-31,API,A,
204360.0,2023-01-31 01:21:07,2023-02-28 22:57:47,2023-02-28,API,B,
204362.0,2023-01-31 02:06:37,2023-02-08 16:11:03,2023-02-07,API,B,
204385.0,2023-01-31 16:52:33,2023-03-19 21:24:45,2023-03-17,API,B,
223340.0,2023-02-01 00:43:12,2023-03-05 23:25:49,2023-02-28,ManuallyCreated,B,
204546.0,2023-02-02 23:31:30,2023-02-27 19:26:14,2023-02-27,ManuallyCreated,B,
218855.0,2023-02-03 15:50:07,2023-06-12 00:00:00,2023-05-31,ManuallyCreated,B,
89313.0,2023-02-06 02:26:00,2023-02-23 12:52:15,2023-02-22,API,B,
39608.0,2023-02-06 15:22:47,2023-12-15 23:55:05,2023-12-30,API,B,
61028.0,2023-02-06 19:19:55,2023-02-28 23:10:27,2023-02-28,API,B,
204852.0,2023-02-08 19:01:17,2023-02-17 16:17:49,2023-02-13,API,B,
229727.0,2023-02-09 02:28:00,2024-02-07 03:38:33,2024-02-06,API,B,
204920.0,2023-02-09 22:48:46,2023-02-23 13:03:39,2023-02-24,ManuallyCreated,B,
204970.0,2023-02-10 21:23:12,2023-06-01 01:38:00,2023-06-10,API,B,
204972.0,2023-02-10 22:16:33,2023-03-16 15:33:42,2023-03-16,API,B,
203359.0,2023-02-13 13:57:09,2023-02-28 01:40:58,2023-02-25,ManuallyCreated,B,
205062.0,2023-02-13 15:28:23,2023-03-01 02:59:50,2023-02-27,API,B,
123210.0,2023-02-13 19:50:27,2023-04-04 22:44:00,2023-04-04,ManuallyCreated,B,
205088.0,2023-02-13 21:37:31,2023-02-23 20:38:56,2023-02-28,ManuallyCreated,B,
203964.0,2023-02-14 14:00:06,2023-03-27 17:35:43,2023-03-28,ManuallyCreated,A,
203964.0,2023-02-14 14:01:19,2023-05-31 14:30:15,2023-05-20,ManuallyCreated,A,
203964.0,2023-02-14 14:02:07,2023-07-20 22:43:29,2023-07-20,ManuallyCreated,A,
205136.0,2023-02-14 20:23:49,2023-06-20 00:00:00,2023-05-30,ManuallyCreated,C,
205193.0,2023-02-15 21:45:42,2023-03-17 14:47:28,,ManuallyCreated,C,
27351.0,2023-02-17 14:50:44,2023-02-27 16:58:13,2023-02-20,ManuallyCreated,B,
27351.0,2023-02-17 14:51:44,2023-06-06 22:44:13,2023-03-29,ManuallyCreated,B,
204143.0,2023-02-17 16:32:31,2023-03-07 00:02:22,2023-03-01,ManuallyCreated,A,
204143.0,2023-02-17 16:33:36,2023-03-27 19:14:12,2023-03-23,ManuallyCreated,A,
219285.0,2023-02-20 20:12:21,2023-04-11 00:00:00,2023-04-10,API,A,
164992.0,2023-02-22 19:14:21,2023-05-31 18:49:18,,API,B,
205388.0,2023-02-22 21:14:50,2023-08-10 16:41:07,2023-08-08,ManuallyCreated,B,
205391.0,2023-02-22 21:55:24,2023-03-01 00:04:54,2023-02-28,ManuallyCreated,C,
204852.0,2023-02-23 02:27:10,2023-03-15 21:17:41,2023-03-10,ManuallyCreated,B,
204852.0,2023-02-23 02:28:15,2023-04-10 00:54:01,2023-03-20,ManuallyCreated,B,
13244.0,2023-02-23 11:11:11,2024-10-14 15:51:02,2024-10-15,API,B,
18318.0,2023-02-24 01:02:16,2023-03-01 00:58:45,2023-02-28,API,A,
22300.0,2023-02-27 15:47:38,2023-04-10 00:00:00,2023-03-31,API,B,
205593.0,2023-02-28 15:38:28,2023-03-25 02:24:03,2023-03-25,API,A,
205391.0,2023-03-01 00:05:02,2023-03-17 16:51:30,2023-03-20,ManuallyCreated,C,
205062.0,2023-03-01 02:56:02,2023-03-31 14:58:50,2023-03-31,ManuallyCreated,B,
205062.0,2023-03-01 02:57:26,2023-05-29 23:10:07,2023-04-15,ManuallyCreated,B,
206265.0,2023-03-01 22:48:11,2023-03-15 00:25:39,2023-03-13,ManuallyCreated,B,
205677.0,2023-03-02 03:09:02,2023-03-10 21:18:46,2023-03-15,API,B,
205742.0,2023-03-03 13:51:03,2023-06-14 20:49:04,,API,B,
210767.0,2023-03-04 19:43:11,2023-04-27 21:33:03,,ManuallyCreated,B,
205946.0,2023-03-05 20:32:49,2023-03-07 23:00:54,,Chatbot,B,
205879.0,2023-03-06 16:48:45,2023-09-27 23:41:56,2023-09-30,API,A,
205891.0,2023-03-06 20:54:07,2023-03-31 19:59:59,2023-03-30,ManuallyCreated,B,
205892.0,2023-03-06 21:13:00,2023-08-10 16:44:58,2023-08-11,ManuallyCreated,C,
205906.0,2023-03-07 01:50:29,2023-07-19 21:40:02,2023-07-29,API,B,
205912.0,2023-03-07 07:37:44,2023-05-18 20:47:33,2023-05-26,API,B,
205975.0,2023-03-08 15:14:28,2023-03-21 23:14:34,2023-03-20,API,B,
205978.0,2023-03-08 15:51:57,2023-04-18 13:59:37,2023-04-29,ManuallyCreated,B,
205946.0,2023-03-08 23:53:08,2023-04-25 15:20:05,2023-04-10,ManuallyCreated,B,
206022.0,2023-03-09 16:15:33,2023-06-26 21:59:20,2023-06-30,API,B,
233244.0,2023-03-10 02:03:27,2024-01-16 04:00:00,2024-01-16,API,A,
36579.0,2023-03-10 11:42:21,2023-03-16 14:53:57,2023-03-15,API,B,
38073.0,2023-03-10 21:33:03,2023-03-24 15:42:06,2023-03-24,API,B,
574.0,2023-03-10 21:34:48,2023-03-21 15:32:22,2023-03-17,ManuallyCreated,B,
574.0,2023-03-10 21:35:21,2023-04-25 15:00:17,2023-04-10,ManuallyCreated,B,
206104.0,2023-03-11 16:08:56,2023-03-31 18:50:56,2023-03-31,API,B,
4490.0,2023-03-13 18:33:10,2023-03-21 16:08:29,2023-03-20,API,B,
6866.0,2023-03-13 21:11:57,2023-04-26 20:58:54,2023-04-14,ManuallyCreated,C,
6866.0,2023-03-13 22:04:53,2023-05-31 21:28:12,2023-05-31,ManuallyCreated,C,
206267.0,2023-03-15 00:58:23,2023-03-28 22:32:39,2023-03-29,API,A,
206269.0,2023-03-15 01:20:14,2023-06-12 00:00:00,2023-05-31,API,B,
206347.0,2023-03-16 04:23:33,2023-10-20 21:30:01,2023-10-20,API,B,
22928.0,2023-03-16 20:33:28,2023-06-22 19:33:25,2023-04-30,ManuallyCreated,B,
205507.0,2023-03-17 02:45:45,2023-03-31 20:14:10,2023-03-27,API,B,
210717.0,2023-03-18 16:25:01,2023-04-29 15:45:51,2023-04-28,API,B,
204385.0,2023-03-19 21:26:20,2023-05-29 23:11:32,2023-05-20,ManuallyCreated,B,
38073.0,2023-03-19 21:32:06,2023-03-21 23:15:07,2023-03-22,ManuallyCreated,B,
206539.0,2023-03-21 14:13:06,2023-05-31 22:16:00,2023-05-31,API,B,
240103.0,2023-03-22 15:33:51,2024-09-18 20:50:59,2024-09-18,API,B,
206647.0,2023-03-23 17:06:12,2023-03-23 18:49:23,,ManuallyCreated,B,
206716.0,2023-03-24 14:41:10,2023-05-25 14:02:57,2023-05-30,ManuallyCreated,A,
206725.0,2023-03-25 22:50:58,2023-05-23 16:38:40,,API,A,
206819.0,2023-03-25 23:55:53,2023-03-30 17:45:53,2023-03-31,Chatbot,B,
206644.0,2023-03-27 17:39:15,2023-05-03 00:00:00,2023-04-10,ManuallyCreated,A,
206778.0,2023-03-27 19:19:45,2023-03-29 12:19:34,2023-03-28,ManuallyCreated,A,
206787.0,2023-03-27 23:22:58,2023-03-30 20:34:33,2023-03-31,ManuallyCreated,B,
38595.0,2023-03-29 03:27:59,2023-05-04 20:45:51,2023-05-05,API,C,
206840.0,2023-03-29 05:30:34,2023-04-06 16:45:51,,API,B,
206778.0,2023-03-29 21:01:03,2023-04-20 14:57:43,2023-04-20,ManuallyCreated,A,
206778.0,2023-03-29 21:01:57,2023-05-22 18:44:38,2023-05-20,ManuallyCreated,A,
206267.0,2023-03-30 13:29:46,2023-04-10 23:02:45,2023-04-10,ManuallyCreated,A,
15666.0,2023-03-31 13:08:54,2023-07-03 22:51:24,2023-04-10,ManuallyCreated,C,
207079.0,2023-04-03 15:32:35,2023-04-14 15:09:43,2023-04-19,API,B,
207108.0,2023-04-04 14:36:57,2023-05-22 22:58:47,2023-05-20,API,A,
207142.0,2023-04-05 15:42:56,2023-04-29 22:29:43,2023-04-29,ManuallyCreated,A,
207428.0,2023-04-12 20:47:46,2023-09-20 21:12:28,2023-09-30,API,B,
207440.0,2023-04-12 23:45:03,2023-04-27 18:10:34,,ManuallyCreated,B,
11006.0,2023-04-13 22:44:37,2023-06-15 21:38:52,,API,B,
207079.0,2023-04-14 15:10:54,2023-05-17 16:51:54,2023-05-20,ManuallyCreated,B,
207079.0,2023-04-14 15:13:54,2023-06-09 21:03:25,2023-06-09,ManuallyCreated,B,
205261.0,2023-04-17 02:18:39,2025-01-23 14:23:44,,API,B,
223054.0,2023-04-18 14:02:40,2023-04-26 01:18:30,2023-04-29,Chatbot,B,
207806.0,2023-04-19 15:54:44,2023-05-06 01:20:14,2023-05-06,ManuallyCreated,B,
3120.0,2023-04-20 02:25:10,2023-04-29 00:53:45,2023-04-29,API,B,
207846.0,2023-04-20 11:39:37,2023-05-30 14:26:51,2023-05-29,ManuallyCreated,C,
207862.0,2023-04-20 16:15:32,2023-04-30 00:00:00,,ManuallyCreated,A,
42088.0,2023-04-21 14:33:44,2023-05-09 17:56:48,2023-05-12,ManuallyCreated,B,
207949.0,2023-04-22 16:51:47,2023-04-29 22:23:51,2023-04-29,API,B,
210560.0,2023-04-25 19:46:28,2023-05-31 21:28:58,2023-05-31,API,A,
210627.0,2023-04-26 20:55:33,2023-04-29 16:35:15,,API,B,
207440.0,2023-04-27 14:52:59,2023-05-26 15:03:07,,ManuallyCreated,B,
210687.0,2023-04-28 14:50:26,2023-05-12 18:44:34,2023-05-12,ManuallyCreated,A,
32684.0,2023-04-29 19:33:50,2023-05-19 15:37:21,2023-05-05,ManuallyCreated,B,
215877.0,2023-05-03 21:37:17,2023-05-29 15:36:54,,ManuallyCreated,B,
215878.0,2023-05-03 21:39:35,2023-05-29 13:34:47,2023-05-26,ManuallyCreated,B,
215885.0,2023-05-03 23:32:47,2023-05-30 18:43:37,2023-05-30,ManuallyCreated,B,
215925.0,2023-05-04 19:27:31,2023-06-17 12:54:14,2023-06-30,API,B,
36248.0,2023-05-05 01:05:33,2023-05-12 14:05:09,2023-05-11,API,B,
210748.0,2023-05-05 20:43:54,2023-06-07 02:18:29,2023-06-03,ManuallyCreated,B,
216050.0,2023-05-08 14:50:27,2023-07-10 20:59:21,2023-07-31,Chatbot,B,
216068.0,2023-05-08 23:50:55,2023-05-20 00:31:40,2023-05-20,API,B,
216111.0,2023-05-10 14:19:26,2023-05-15 17:16:16,2023-05-20,API,C,
217497.0,2023-05-10 19:40:13,2023-07-27 18:34:22,2023-07-28,ManuallyCreated,C,
217521.0,2023-05-11 20:01:35,2023-07-26 13:34:30,2023-07-31,API,B,
25986.0,2023-05-15 00:36:53,2023-05-30 23:29:59,,API,B,
217598.0,2023-05-15 14:08:58,2023-05-31 00:00:00,2023-05-31,API,B,
217674.0,2023-05-17 15:00:40,2023-05-30 21:42:57,2023-05-30,ManuallyCreated,C,
207079.0,2023-05-17 16:28:13,2023-07-03 15:03:34,2023-07-03,ManuallyCreated,B,
240413.0,2023-05-18 00:30:15,2024-09-28 17:02:34,2024-02-02,API,B,
217741.0,2023-05-19 03:34:46,2023-05-20 00:59:16,2023-05-20,API,B,
216068.0,2023-05-20 00:30:59,2023-06-13 02:07:06,2023-06-12,ManuallyCreated,B,
217741.0,2023-05-20 00:53:30,2023-06-29 00:01:41,2023-06-20,ManuallyCreated,B,
207108.0,2023-05-22 22:57:10,2023-06-26 22:57:49,2023-06-30,ManuallyCreated,A,
206725.0,2023-05-23 16:38:48,2023-07-20 23:27:25,2023-07-15,ManuallyCreated,A,
217858.0,2023-05-23 16:45:23,2023-05-30 18:31:32,2023-05-31,API,B,
217861.0,2023-05-23 19:51:24,2023-05-31 13:16:03,,ManuallyCreated,A,
217955.0,2023-05-27 02:57:51,2023-08-03 00:00:00,2023-07-28,API,B,
217996.0,2023-05-29 19:35:31,2023-05-31 00:00:00,,ManuallyCreated,B,
218011.0,2023-05-30 00:47:48,2023-06-19 16:54:15,2023-06-30,API,B,
218019.0,2023-05-30 17:04:41,2023-06-21 17:59:32,2023-06-22,ManuallyCreated,B,
218023.0,2023-05-30 18:39:10,2023-06-13 14:37:20,2023-06-10,ManuallyCreated,B,
218031.0,2023-05-30 22:46:46,2023-06-05 14:01:46,,ManuallyCreated,B,
215877.0,2023-05-31 03:41:26,2023-06-30 20:20:08,2023-06-20,ManuallyCreated,B,
164992.0,2023-05-31 18:50:19,2023-06-26 22:38:01,2023-06-23,ManuallyCreated,B,
206269.0,2023-05-31 22:17:24,2023-07-25 21:24:01,2023-07-31,ManuallyCreated,C,
218855.0,2023-05-31 22:26:44,2023-06-20 14:45:13,2023-06-30,ManuallyCreated,B,
204970.0,2023-06-01 01:36:21,2023-07-19 20:51:24,2023-07-15,ManuallyCreated,B,
217996.0,2023-06-01 03:01:50,2023-07-11 21:39:47,2023-06-30,ManuallyCreated,B,
218133.0,2023-06-02 02:01:57,2023-07-22 17:32:41,2023-07-22,API,A,
218243.0,2023-06-05 03:08:22,2023-06-13 16:37:32,2023-06-17,API,B,
218264.0,2023-06-05 19:09:56,2023-06-09 20:42:16,2023-06-09,API,B,
218274.0,2023-06-05 22:45:07,2023-06-19 20:03:17,2023-06-19,ManuallyCreated,B,
218031.0,2023-06-06 21:31:33,2023-08-21 22:08:03,2023-08-10,ManuallyCreated,B,
218397.0,2023-06-09 03:38:52,2023-07-18 23:50:43,2023-07-15,API,B,
218416.0,2023-06-09 16:02:14,2023-08-10 19:36:03,2023-08-25,API,B,
218423.0,2023-06-09 19:55:33,2023-06-15 00:00:00,,ManuallyCreated,B,
218426.0,2023-06-09 22:14:26,2023-06-29 15:26:12,2023-06-30,API,C,
218490.0,2023-06-12 11:52:57,2023-06-23 15:55:55,2023-06-30,API,C,
218558.0,2023-06-14 02:04:48,2023-06-30 21:50:14,2023-06-30,Chatbot,B,
218611.0,2023-06-15 15:02:21,2023-06-30 22:59:20,2023-06-30,ManuallyCreated,B,
218630.0,2023-06-15 20:09:03,2023-06-30 14:38:31,2023-06-28,ManuallyCreated,C,
218636.0,2023-06-15 21:57:55,2023-06-19 14:10:54,2023-06-19,ManuallyCreated,C,
215925.0,2023-06-16 20:44:39,2023-07-17 23:33:26,2023-06-30,ManuallyCreated,B,
222965.0,2023-06-19 16:38:17,2023-06-29 16:01:17,2023-06-29,Chatbot,B,
218872.0,2023-06-20 19:00:16,2023-07-04 03:40:30,2023-07-07,API,A,
219291.0,2023-06-20 20:37:43,2024-10-21 15:39:39,2024-10-21,ManuallyCreated,B,
218938.0,2023-06-22 00:34:37,2023-07-04 18:48:52,2023-07-07,Chatbot,B,
218987.0,2023-06-22 17:07:07,2023-06-29 15:09:32,2023-06-29,ManuallyCreated,C,
219178.0,2023-06-26 12:07:51,2023-07-28 15:23:19,2023-07-29,API,A,
206281.0,2023-06-26 14:47:54,2023-07-22 21:04:26,2023-07-31,ManuallyCreated,A,
219293.0,2023-06-27 22:10:19,2023-07-10 23:08:14,2023-07-12,ManuallyCreated,B,
219298.0,2023-06-28 00:45:38,2023-07-31 00:00:00,2023-07-31,API,B,
219398.0,2023-06-28 11:40:49,2023-06-30 20:14:40,2023-06-30,API,A,
42588.0,2023-07-01 01:23:23,2023-07-25 19:29:14,2023-07-31,ManuallyCreated,C,
219385.0,2023-07-04 13:49:32,2023-07-14 16:06:32,2023-07-12,API,C,
219724.0,2023-07-05 15:25:20,2023-07-11 20:59:20,2023-07-28,API,B,
219789.0,2023-07-06 13:19:33,2023-07-31 00:00:00,2023-07-26,ManuallyCreated,B,
220113.0,2023-07-11 20:06:20,2023-07-17 20:48:15,2023-07-17,API,B,
207821.0,2023-07-11 22:18:20,2023-07-20 17:14:00,2023-07-22,API,B,
28771.0,2023-07-13 03:47:38,2023-07-20 16:29:41,2023-07-17,API,C,
220209.0,2023-07-13 14:33:54,2023-07-21 14:09:18,2023-07-24,ManuallyCreated,C,
220237.0,2023-07-13 20:33:11,2023-07-31 22:48:48,2023-07-31,API,B,
220426.0,2023-07-13 20:54:17,2023-07-17 20:58:30,2023-07-18,ManuallyCreated,A,
220338.0,2023-07-15 22:44:19,2023-07-28 14:57:26,,API,C,
220420.0,2023-07-18 14:58:22,2023-09-19 12:39:01,2023-09-16,ManuallyCreated,C,
207393.0,2023-07-19 20:29:18,2023-07-31 22:19:38,2023-07-31,API,B,
220547.0,2023-07-20 13:30:25,2023-07-24 21:54:47,,Chatbot,A,
220512.0,2023-07-20 19:01:02,2023-08-19 20:06:17,2023-08-26,API,B,
220209.0,2023-07-21 13:44:57,2023-08-08 20:41:08,2023-08-05,ManuallyCreated,C,
220601.0,2023-07-24 13:08:47,2023-08-08 22:36:04,2023-08-11,API,B,
170923.0,2023-07-24 21:12:57,2025-01-01 00:18:47,,API,B,
220636.0,2023-07-25 00:42:35,2023-09-29 16:12:28,2023-09-29,ManuallyCreated,B,
65914.0,2023-07-25 22:13:27,2023-07-28 12:54:23,2023-07-31,API,A,
220695.0,2023-07-26 15:17:09,2023-07-28 00:44:05,,API,C,
220699.0,2023-07-26 16:02:16,2023-07-28 20:21:53,,API,A,
220705.0,2023-07-26 16:56:20,2023-08-10 16:43:57,,ManuallyCreated,C,
220764.0,2023-07-27 21:05:26,2023-08-11 19:34:39,2023-08-11,ManuallyCreated,B,
220769.0,2023-07-27 21:56:25,2023-08-02 01:36:03,2023-08-01,API,A,
220885.0,2023-07-31 12:42:15,2023-12-21 14:39:24,2023-12-31,API,C,
220895.0,2023-07-31 17:10:55,2023-09-27 23:56:00,2023-09-23,API,A,
35456.0,2023-07-31 21:01:45,2023-07-31 11:42:37,,ManuallyCreated,A,
220954.0,2023-08-01 22:56:54,2023-08-31 00:00:00,2023-08-18,ManuallyCreated,A,
137649.0,2023-08-02 12:54:38,2023-09-21 21:28:20,2023-09-23,API,A,
221012.0,2023-08-03 16:13:05,2023-08-10 14:36:01,2023-08-12,API,C,
221053.0,2023-08-04 17:21:06,2024-05-17 16:34:05,2024-05-17,API,B,
221105.0,2023-08-06 03:10:19,2023-08-21 13:43:11,2023-08-19,API,B,
222847.0,2023-08-07 14:22:30,2024-07-31 16:20:14,2024-07-30,Chatbot,B,
221154.0,2023-08-08 02:22:23,2023-09-15 21:28:22,2023-09-19,API,B,
221167.0,2023-08-08 13:02:27,2023-08-09 21:36:03,2023-08-25,API,B,
221368.0,2023-08-15 02:02:25,2023-08-31 23:00:00,2023-08-31,API,B,
221389.0,2023-08-15 15:04:05,2023-11-30 22:00:45,2023-11-30,ManuallyCreated,B,
221390.0,2023-08-15 15:36:06,2023-08-17 18:02:07,2023-08-19,API,B,
205892.0,2023-08-17 01:44:27,2023-08-31 20:16:09,2023-08-17,ManuallyCreated,C,
221564.0,2023-08-17 21:34:45,2024-01-27 14:42:18,2024-01-27,API,B,
221486.0,2023-08-18 15:17:31,2023-08-31 22:56:53,,ManuallyCreated,B,
221937.0,2023-08-18 16:58:29,2023-08-24 00:00:00,2023-08-31,API,A,
221498.0,2023-08-18 20:01:48,2023-08-21 21:28:22,2023-08-25,ManuallyCreated,C,
221307.0,2023-08-21 13:02:46,2023-08-31 00:00:00,,ManuallyCreated,A,
221624.0,2023-08-23 12:45:07,2023-08-25 13:02:59,2023-08-30,API,B,
223130.0,2023-08-25 14:18:14,2023-09-15 21:28:28,2023-09-30,ManuallyCreated,B,
222624.0,2023-08-26 13:06:32,2023-08-31 00:00:00,,ManuallyCreated,B,
221897.0,2023-08-30 16:12:39,2023-09-12 00:28:20,2023-09-15,API,A,
222593.0,2023-08-31 19:59:09,2024-01-31 00:00:00,2024-01-31,API,C,
221976.0,2023-09-01 13:59:05,2024-11-30 04:00:00,2024-01-31,API,B,
222012.0,2023-09-02 13:57:55,2023-10-31 00:00:00,,API,B,
52360.0,2023-09-06 21:46:51,2024-02-29 00:00:00,2024-02-29,API,A,
222469.0,2023-09-11 13:53:03,2024-07-26 16:08:54,,API,B,
222805.0,2023-09-12 23:19:45,2023-09-29 21:52:14,2023-09-30,API,C,
222853.0,2023-09-13 13:03:24,2023-11-27 14:23:29,2023-11-18,API,A,
222098.0,2023-09-13 19:05:10,2024-07-24 20:38:09,,API,B,
223050.0,2023-09-14 11:49:27,2024-02-29 00:00:00,2024-02-29,API,B,
223766.0,2023-09-14 12:22:30,2023-09-26 00:00:00,2023-09-30,API,A,
223124.0,2023-09-15 13:49:04,2024-07-11 15:00:47,2024-07-15,ManuallyCreated,A,
223110.0,2023-09-15 16:46:17,2024-10-01 21:32:37,,API,B,
223187.0,2023-09-17 02:51:21,2023-10-17 16:30:02,2023-10-14,API,B,
223431.0,2023-09-18 21:23:44,2023-09-27 20:58:46,2023-09-29,ManuallyCreated,B,
223301.0,2023-09-19 03:53:39,2023-11-02 20:38:14,,ManuallyCreated,B,
223341.0,2023-09-19 17:34:35,2023-10-20 23:30:02,2023-10-22,API,A,
223399.0,2023-09-20 20:03:01,2023-10-09 20:48:10,2023-10-10,ManuallyCreated,A,
8875.0,2023-09-22 04:37:09,2023-09-29 15:21:53,2023-09-30,API,C,
223485.0,2023-09-22 19:42:28,2023-10-24 00:27:43,2023-10-20,ManuallyCreated,B,
223783.0,2023-09-25 15:36:59,2024-12-31 22:18:11,2024-12-31,WebForms,B,
27865.0,2023-09-26 22:37:48,2023-12-01 01:46:28,2023-11-30,API,C,
223727.0,2023-09-28 15:11:10,2023-11-30 22:22:56,2023-11-30,API,A,
224266.0,2023-09-29 01:39:39,2023-10-16 21:49:00,2023-10-16,WebForms,C,
220086.0,2023-10-01 00:18:57,2023-10-19 20:34:20,,WebForms,B,
220086.0,2023-10-01 01:07:44,2023-10-27 21:31:31,2023-10-31,WebForms,C,
224055.0,2023-10-01 01:27:01,2023-10-26 14:41:58,,WebForms,B,
223868.0,2023-10-01 20:53:59,2024-05-30 15:20:30,2024-05-30,API,A,
224011.0,2023-10-04 20:40:44,2023-10-30 21:51:02,2023-10-30,ManuallyCreated,A,
224314.0,2023-10-11 19:52:45,2024-07-29 15:33:32,2023-10-31,ManuallyCreated,B,
224358.0,2023-10-12 14:43:46,2024-05-31 23:36:53,2024-05-23,API,B,
224363.0,2023-10-12 15:00:42,2023-10-23 22:13:29,2023-10-28,ManuallyCreated,C,
224492.0,2023-10-15 19:55:10,2023-10-23 15:52:18,,API,B,
224521.0,2023-10-16 17:48:21,2023-11-30 23:10:54,2023-11-30,API,A,
224522.0,2023-10-16 18:28:55,2023-11-17 22:38:18,2023-11-11,ManuallyCreated,C,
224601.0,2023-10-16 21:38:30,2023-10-31 00:00:00,2023-10-31,API,C,
224572.0,2023-10-17 20:24:03,2024-04-17 14:42:30,2024-04-19,API,"B
",
224688.0,2023-10-17 21:27:08,2023-10-19 21:04:01,2023-10-31,API,B,
220086.0,2023-10-18 19:19:49,2023-10-31 14:38:39,2023-10-31,API,C,
224709.0,2023-10-20 15:17:32,2024-05-08 20:34:19,2024-02-16,ManuallyCreated,A,
225103.0,2023-10-23 15:47:18,2023-10-31 13:55:19,2023-10-31,API,A,
224810.0,2023-10-23 21:23:40,2023-10-31 22:53:09,2023-10-31,API,C,
224879.0,2023-10-25 15:30:40,2023-10-26 19:37:17,2023-10-31,API,B,
224934.0,2023-10-26 19:51:08,2024-04-23 14:47:50,2024-04-27,API,A,
224964.0,2023-10-27 14:06:14,2023-10-31 00:00:00,2023-10-31,ManuallyCreated,C,
220086.0,2023-10-30 14:38:11,2023-10-31 22:35:29,,API,C,
225102.0,2023-10-31 13:17:25,2023-11-29 20:28:33,2023-11-30,API,B,
220086.0,2023-10-31 22:34:13,2023-11-30 20:35:58,,ManuallyCreated,C,
224601.0,2023-11-01 03:31:15,2023-11-01 20:30:24,2023-11-02,ManuallyCreated,C,
224594.0,2023-11-02 14:00:56,2023-11-30 00:00:00,2023-11-30,ManuallyCreated,B,
224596.0,2023-11-03 20:48:07,2023-11-15 15:07:29,2023-11-15,ManuallyCreated,B,
225418.0,2023-11-03 21:10:46,2023-11-29 22:02:40,2023-11-30,API,B,
225458.0,2023-11-06 15:26:48,2023-11-30 23:28:49,,ManuallyCreated,B,
225473.0,2023-11-07 13:36:03,2023-11-30 16:04:51,2023-11-30,ManuallyCreated,A,
225476.0,2023-11-07 14:07:41,2023-11-30 20:39:47,2023-11-30,API,B,
225636.0,2023-11-08 18:51:20,2024-04-10 21:04:40,2024-04-12,ManuallyCreated,B,
225636.0,2023-11-13 15:18:47,2023-11-16 21:50:06,2023-11-30,API,C,
225619.0,2023-11-13 16:02:25,2023-11-17 13:49:45,2023-11-18,ManuallyCreated,B,
225412.0,2023-11-13 18:53:32,2023-11-21 22:48:41,2023-11-21,ManuallyCreated,B,
225727.0,2023-11-13 22:05:53,2023-12-01 01:12:28,2023-11-30,ManuallyCreated,B,
8446.0,2023-11-14 12:55:50,2024-01-31 13:13:30,,ManuallyCreated,A,
225636.0,2023-11-15 13:35:41,2023-11-30 21:25:16,2023-11-30,ManuallyCreated,C,
226347.0,2023-11-15 20:21:10,2023-12-02 00:00:00,2023-12-30,API,A,
226121.0,2023-11-16 14:27:21,2023-11-30 15:12:20,2023-11-30,ManuallyCreated,A,
82560.0,2023-11-16 18:04:08,2024-04-04 19:57:36,2024-04-05,ManuallyCreated,A,
66678.0,2023-11-17 21:59:37,2024-01-12 20:39:16,2024-01-13,ManuallyCreated,A,
225777.0,2023-11-19 12:45:57,2023-12-01 03:17:47,2023-11-30,API,B,
225636.0,2023-11-20 13:31:38,2024-02-28 16:00:47,2024-02-29,ManuallyCreated,B,
236309.0,2023-11-20 20:46:07,2024-06-15 04:00:00,2024-03-25,ManuallyCreated,A,
225636.0,2023-11-21 15:03:47,2023-11-28 21:21:35,2023-11-30,ManuallyCreated,B,
224594.0,2023-11-21 18:51:43,2023-11-30 00:00:00,,Chatbot,B,
225882.0,2023-11-21 18:57:05,2023-11-27 21:05:57,,API,B,
225837.0,2023-11-21 20:51:37,2023-11-30 15:37:03,2023-11-30,API,B,
225901.0,2023-11-23 22:02:00,2023-11-29 16:23:29,2023-11-30,ManuallyCreated,B,
225921.0,2023-11-24 14:43:17,2023-11-29 20:08:14,2023-11-30,API,A,
5181.0,2023-11-27 16:37:41,2023-11-30 20:55:16,2023-11-30,API,B,
226003.0,2023-11-27 21:20:48,2023-12-01 03:25:54,,ManuallyCreated,B,
226070.0,2023-11-29 22:47:15,2023-12-01 02:57:07,2023-11-30,API,B,
226125.0,2023-11-30 16:16:53,2023-11-30 16:20:57,,ManuallyCreated,B,
224016.0,2023-12-04 12:30:38,2024-01-04 16:12:21,2024-01-06,API,A,
36548.0,2023-12-04 15:12:39,2023-12-05 22:41:22,2023-12-05,ManuallyCreated,B,
226883.0,2023-12-05 14:13:42,2023-12-19 19:20:04,2023-12-23,API,B,
225636.0,2023-12-11 03:50:33,2023-12-31 00:00:00,2023-12-29,Chatbot,B,
226653.0,2023-12-12 14:44:59,2023-12-19 18:05:07,2023-12-18,ManuallyCreated,B,
235628.0,2023-12-12 15:31:41,2024-05-28 21:49:46,2024-03-31,API,B,
226756.0,2023-12-13 22:34:28,2024-01-10 18:24:07,2024-01-31,API,C,
2249.0,2023-12-15 18:26:01,2023-12-20 19:11:22,2023-12-23,API,B,
225636.0,2023-12-15 23:21:07,2024-01-12 19:55:49,2024-01-12,Chatbot,C,
226829.0,2023-12-17 03:24:42,2024-01-31 22:36:40,2024-01-31,API,A,
227003.0,2023-12-18 13:22:35,2023-12-30 19:20:24,2023-12-30,ManuallyCreated,B,
227068.0,2023-12-19 12:17:42,2024-01-11 18:13:20,2024-01-31,API,A,
227111.0,2023-12-19 21:56:23,2023-12-31 00:00:00,2023-12-28,ManuallyCreated,B,
244393.0,2023-12-22 03:26:08,2024-12-30 19:50:58,2024-01-31,API,B,
227544.0,2023-12-26 13:29:34,2023-12-26 22:32:53,,API,C,
227492.0,2023-12-26 17:21:36,2024-01-31 14:27:23,2024-01-31,API,B,
227560.0,2023-12-27 18:38:30,2023-12-28 20:46:31,2023-12-30,ManuallyCreated,B,
210800.0,2024-01-01 15:05:45,2024-01-17 21:45:31,2024-01-31,API,C,
42152.0,2024-01-03 18:45:33,2024-05-31 22:24:51,2024-05-31,API,B,
228019.0,2024-01-05 02:51:30,2024-01-15 21:18:08,2024-01-31,API,C,
225636.0,2024-01-05 18:20:20,2024-01-31 15:06:46,2024-01-31,ManuallyCreated,B,
228230.0,2024-01-08 19:55:37,2024-02-26 22:22:25,2024-02-22,API,A,
228264.0,2024-01-09 11:25:31,2024-01-16 18:32:01,2024-01-31,API,C,
228269.0,2024-01-09 13:18:10,2024-01-19 01:27:22,2024-01-31,API,A,
228306.0,2024-01-09 23:05:10,2024-01-31 00:00:00,2024-01-31,API,B,
225636.0,2024-01-10 15:09:51,2024-01-31 14:27:39,2024-01-31,ManuallyCreated,B,
228351.0,2024-01-10 15:39:14,2024-01-19 16:24:57,2024-01-20,API,B,
228641.0,2024-01-12 03:31:37,2024-01-15 19:24:34,,API,B,
228768.0,2024-01-18 01:55:09,2024-02-24 16:21:10,2024-02-26,API,B,
229200.0,2024-01-19 23:47:11,2024-01-25 17:51:04,2024-01-27,API,B,
229243.0,2024-01-21 22:34:06,2024-01-30 13:53:55,2024-01-30,API,B,
229260.0,2024-01-24 21:04:09,2024-01-29 14:23:19,2024-01-29,ManuallyCreated,B,
229633.0,2024-02-01 20:14:23,2024-01-31 00:00:00,,API,C,
229649.0,2024-02-01 23:39:17,2024-02-28 20:43:46,2024-02-28,API,B,
229820.0,2024-02-04 18:58:47,2024-02-16 17:40:59,2024-02-16,API,B,
229964.0,2024-02-06 13:41:46,2024-10-01 02:23:11,2024-09-30,API,A,
229969.0,2024-02-06 14:28:23,2024-02-16 13:06:18,2024-02-15,API,C,
230099.0,2024-02-07 22:16:32,2024-03-31 00:00:00,2024-03-30,API,A,
230134.0,2024-02-08 14:59:39,2024-02-22 14:18:05,2024-02-22,API,B,
230275.0,2024-02-10 15:51:56,2024-02-17 00:06:21,2024-02-17,API,B,
103377.0,2024-02-12 14:14:23,2024-02-27 15:13:30,2024-02-28,API,B,
42944.0,2024-02-13 02:57:16,2024-02-23 00:39:10,,API,C,
230605.0,2024-02-14 17:35:21,2024-02-22 13:46:23,2024-02-21,API,A,
230520.0,2024-02-14 19:50:30,2024-02-29 00:00:00,2024-02-17,API,B,
230523.0,2024-02-14 20:37:31,2024-02-29 20:58:01,2024-02-27,API,A,
230547.0,2024-02-15 11:32:04,2024-02-20 21:49:36,2024-02-20,API,C,
230579.0,2024-02-15 18:28:28,2024-02-24 23:01:03,2024-02-24,API,B,
230839.0,2024-02-20 02:57:24,2024-02-23 00:00:00,2024-02-25,API,C,
25099.0,2024-02-21 19:35:23,2024-02-27 00:28:51,2024-02-29,API,B,
231137.0,2024-02-25 17:20:41,2024-03-06 23:14:10,,API,B,
228428.0,2024-02-26 18:41:12,2024-02-29 00:00:00,2024-02-29,ManuallyCreated,B,
231203.0,2024-02-26 18:48:47,2024-03-18 15:38:58,2024-03-22,API,A,
231222.0,2024-02-26 22:38:12,2024-03-22 16:47:32,2024-03-30,API,B,
231254.0,2024-02-27 15:32:03,2024-02-29 00:00:00,2024-02-29,ManuallyCreated,B,
233551.0,2024-02-28 02:32:35,2024-04-08 16:21:48,2024-04-10,API,B,
231328.0,2024-02-28 16:19:43,2024-03-12 14:21:06,2024-03-15,API,B,
231344.0,2024-02-28 21:48:36,2024-02-29 00:00:00,2024-02-29,API,B,
231468.0,2024-03-02 02:48:37,2024-03-19 00:00:00,2024-03-19,API,B,
231746.0,2024-03-06 17:12:27,2024-03-06 21:49:19,,ManuallyCreated,B,
231747.0,2024-03-06 17:20:15,2024-03-11 15:16:21,,ManuallyCreated,B,
232135.0,2024-03-11 13:54:04,2024-03-14 03:01:23,2024-03-16,ManuallyCreated,C,
23530.0,2024-03-11 14:56:10,2024-03-18 19:40:19,2024-03-15,API,B,
232126.0,2024-03-12 17:48:19,2024-04-30 19:38:31,2024-04-30,API,B,
232176.0,2024-03-13 16:12:59,2024-03-15 00:00:00,2024-03-15,ManuallyCreated,A,
232300.0,2024-03-15 14:18:41,2024-03-20 21:46:47,2024-03-20,ManuallyCreated,B,
232621.0,2024-03-20 23:42:59,2024-03-25 21:25:50,2024-03-27,API,B,
235475.0,2024-03-23 00:16:46,2024-07-23 01:54:30,,Chatbot,A,
232904.0,2024-03-25 21:42:51,2024-04-30 04:00:00,2024-03-26,API,B,
232931.0,2024-03-25 22:00:50,2024-04-27 18:25:03,2024-04-30,ManuallyCreated,A,
224893.0,2024-03-27 17:12:04,2024-04-08 20:14:20,,API,B,
233230.0,2024-03-28 12:17:53,2024-04-04 00:43:12,2024-04-10,API,B,
233051.0,2024-03-28 16:15:17,2024-03-30 15:03:19,2024-03-31,API,B,
233231.0,2024-04-01 15:47:40,2024-03-31 00:00:00,2024-04-05,ManuallyCreated,B,
233267.0,2024-04-02 14:51:36,2024-03-31 00:00:00,2024-03-31,API,B,
233341.0,2024-04-03 22:14:59,2024-04-09 16:04:26,2024-04-09,ManuallyCreated,B,
233381.0,2024-04-04 16:03:57,2024-04-22 15:37:49,2024-04-25,API,B,
233383.0,2024-04-04 16:19:35,2024-04-05 17:12:02,2024-04-05,ManuallyCreated,B,
233548.0,2024-04-08 14:53:10,2024-04-15 16:11:51,2024-04-13,API,B,
14643.0,2024-04-15 13:34:22,2024-04-15 21:41:52,2024-04-20,ManuallyCreated,C,
230298.0,2024-04-16 17:39:29,2024-08-31 04:00:00,,API,B,
235720.0,2024-04-22 15:47:08,2024-05-31 04:00:00,2024-05-31,API,A,
234292.0,2024-04-22 18:57:20,2024-04-23 18:32:54,2024-04-27,ManuallyCreated,B,
244444.0,2024-04-24 02:34:10,2025-01-01 00:32:16,,ManuallyCreated,B,
219392.0,2024-04-25 15:49:36,2024-05-31 04:00:00,,ManuallyCreated,B,
234417.0,2024-04-25 22:10:32,2024-04-29 22:44:15,2024-04-30,ManuallyCreated,B,
234441.0,2024-04-26 13:47:23,2024-05-08 22:15:50,2024-05-17,ManuallyCreated,B,
234459.0,2024-04-26 20:18:24,2024-04-26 04:00:00,,ManuallyCreated,A,
234881.0,2024-04-26 20:44:51,2024-07-31 04:00:00,2024-05-27,API,A,
18157.0,2024-04-26 21:12:11,2024-04-30 21:39:01,,ManuallyCreated,A,
235601.0,2024-05-05 03:11:14,2024-05-28 16:47:34,2024-05-29,API,A,
234896.0,2024-05-08 01:18:38,2024-05-08 20:12:00,2024-05-10,API,A,
235696.0,2024-05-13 19:48:30,2024-06-01 00:12:16,,Chatbot,A,
235521.0,2024-05-15 19:45:03,2024-05-17 04:00:00,,API,A,
235241.0,2024-05-16 23:05:48,2024-05-29 22:17:16,,ManuallyCreated,B,
237947.0,2024-05-18 20:30:36,2024-07-22 13:13:52,2024-07-21,API,B,
235389.0,2024-05-21 18:25:43,2024-06-01 03:42:01,2024-05-31,ManuallyCreated,A,
235627.0,2024-05-22 03:47:00,2024-05-28 04:00:00,,API,B,
235494.0,2024-05-24 14:28:35,2024-05-31 04:00:00,2024-05-30,ManuallyCreated,A,
235593.0,2024-05-28 15:24:37,2024-05-31 04:00:00,,ManuallyCreated,B,
235610.0,2024-05-28 23:47:30,2024-05-30 23:30:01,2024-05-31,ManuallyCreated,B,
16991.0,2024-05-31 01:07:16,2024-06-25 22:56:46,2024-06-28,Marketplace,A,
237354.0,2024-06-03 15:27:34,2024-07-23 01:53:22,2024-07-22,API,B,
235771.0,2024-06-03 18:23:06,2024-06-15 03:37:49,2024-06-15,Marketplace,B,
239325.0,2024-06-03 23:11:54,2024-08-28 16:06:51,,ManuallyCreated,B,
235799.0,2024-06-04 15:31:16,2024-06-24 22:22:02,2024-06-22,API,A,
236336.0,2024-06-10 13:17:09,2024-06-25 18:08:34,2024-06-28,API,B,
239828.0,2024-06-11 13:41:44,2024-09-11 21:28:53,2024-09-13,Import,B,
242735.0,2024-06-11 13:42:23,2024-11-30 04:00:00,2024-11-30,Import,B,
236046.0,2024-06-11 15:02:03,2024-06-17 21:22:39,2024-06-18,ManuallyCreated,A,
238849.0,2024-06-11 21:23:03,2024-08-15 13:09:43,2024-06-28,Marketplace,B,
236136.0,2024-06-12 11:15:13,2024-06-13 20:34:50,2024-06-13,API,B,
237249.0,2024-06-13 19:05:57,2024-07-16 15:21:34,2024-07-12,API,B,
236340.0,2024-06-17 20:38:26,2024-07-03 23:37:24,,ManuallyCreated,B,
236345.0,2024-06-17 22:30:31,2024-06-28 19:46:54,2024-06-28,ManuallyCreated,A,
239861.0,2024-06-21 11:24:06,2024-10-01 02:18:50,,API,A,
236795.0,2024-06-24 19:40:37,2024-06-27 21:22:21,2024-06-28,ManuallyCreated,A,
237359.0,2024-06-27 16:49:28,2024-07-08 20:22:07,,ManuallyCreated,B,
236932.0,2024-06-28 00:22:19,2024-11-18 13:20:50,2024-11-16,API,B,
237149.0,2024-06-29 14:05:49,2024-07-03 22:22:05,2024-07-06,API,A,
237139.0,2024-07-02 22:42:09,2024-07-03 19:44:12,,API,A,
237337.0,2024-07-04 20:00:50,2024-07-08 14:09:03,2024-07-08,API,B,
237370.0,2024-07-08 23:20:45,2024-07-31 01:32:35,,ManuallyCreated,B,
237584.0,2024-07-09 18:06:33,2024-07-13 16:00:23,2024-07-15,API,B,
237502.0,2024-07-11 15:39:23,2024-07-19 18:22:05,2024-07-19,ManuallyCreated,B,
239905.0,2024-07-13 18:59:28,2024-09-13 20:26:51,,API,B,
237803.0,2024-07-18 18:32:11,2024-07-25 18:18:11,2024-07-30,ManuallyCreated,A,
238105.0,2024-07-25 18:10:10,2024-08-30 04:00:00,2024-08-30,ManuallyCreated,A,
238423.0,2024-07-30 13:28:57,2024-08-06 20:29:26,2024-08-10,API,A,
238381.0,2024-07-31 19:41:38,2024-07-31 04:00:00,2024-07-31,ManuallyCreated,B,
238409.0,2024-08-01 14:09:59,2024-07-31 04:00:00,,ManuallyCreated,A,
238555.0,2024-08-05 14:54:34,2024-08-06 20:36:24,2024-08-10,API,A,
243177.0,2024-08-08 11:38:16,2024-11-30 04:00:00,,API,B,
240174.0,2024-08-10 13:44:45,2024-09-20 20:03:51,2024-09-25,API,A,
11790.0,2024-08-10 16:39:42,2024-10-31 04:00:00,2024-10-31,ManuallyCreated,A,
239347.0,2024-08-10 16:45:08,2024-08-29 01:50:11,2024-10-20,ManuallyCreated,B,
238775.0,2024-08-13 15:59:41,2024-08-19 13:12:08,2024-08-16,ManuallyCreated,B,
238947.0,2024-08-19 14:51:48,2024-08-20 16:41:04,2024-08-21,ManuallyCreated,B,
238951.0,2024-08-19 15:10:35,2024-08-31 04:00:00,,ManuallyCreated,B,
243152.0,2024-08-19 21:00:28,2024-11-30 04:00:00,2024-10-30,ManuallyCreated,B,
240136.0,2024-08-30 13:38:51,2024-09-30 16:07:25,,Import,A,
239529.0,2024-09-03 18:30:50,2024-09-30 15:25:08,2024-09-07,ManuallyCreated,A,
240464.0,2024-09-12 14:49:30,2024-09-30 19:03:50,,ManuallyCreated,A,
239852.0,2024-09-12 15:16:46,2024-09-27 14:48:45,,ManuallyCreated,B,
240486.0,2024-09-12 23:21:15,2024-10-01 01:06:11,,API,B,
240051.0,2024-09-17 14:37:04,2024-09-18 20:42:45,,ManuallyCreated,B,
240057.0,2024-09-17 18:34:29,2024-09-19 15:15:11,2024-09-25,ManuallyCreated,B,
240704.0,2024-09-18 14:45:36,2024-10-08 17:05:16,2024-10-10,ManuallyCreated,B,
240485.0,2024-09-18 16:11:59,2024-10-01 00:39:22,2024-10-04,Marketplace,B,
240279.0,2024-09-21 02:13:46,2024-09-24 20:33:28,2024-09-25,API,A,
240353.0,2024-09-23 14:28:14,2024-09-26 14:11:01,2024-09-27,WebForms,B,
240334.0,2024-09-23 19:06:27,2024-09-25 04:00:00,2024-09-27,API,C,
240480.0,2024-09-27 20:55:17,2024-09-30 22:29:52,,WebForms,B,
240472.0,2024-09-27 20:56:27,2024-10-01 00:15:19,,WebForms,B,
240463.0,2024-09-30 16:17:25,2024-09-30 16:56:22,2024-09-30,ManuallyCreated,B,
240510.0,2024-10-01 15:38:54,2024-10-17 22:24:48,,ManuallyCreated,A,
240557.0,2024-10-02 16:16:31,2024-10-31 22:51:16,,ManuallyCreated,B,
241504.0,2024-10-04 14:46:01,2024-10-24 01:54:47,,ManuallyCreated,B,
241862.0,2024-10-04 21:15:14,2024-10-31 22:35:28,,ManuallyCreated,B,
58709.0,2024-10-05 15:39:52,2024-10-29 21:54:56,,API,A,
11126.0,2024-10-08 14:07:02,2024-10-08 14:38:55,2024-10-08,ManuallyCreated,B,
240898.0,2024-10-09 00:15:07,2024-10-31 04:00:00,2024-10-31,API,B,
240933.0,2024-10-09 19:39:37,2024-10-31 22:50:12,,ManuallyCreated,B,
241224.0,2024-10-11 20:07:54,2024-11-28 19:49:25,2024-11-15,API,A,
242076.0,2024-10-12 00:34:17,2024-11-07 13:56:25,2024-10-25,API,B,
241449.0,2024-10-17 14:01:38,2024-10-31 21:36:43,2024-10-31,API,A,
122371.0,2024-10-18 08:31:33,2024-10-19 00:52:34,2024-10-18,API,A,
234934.0,2024-10-18 17:57:36,2024-10-24 23:27:27,2024-10-25,ManuallyCreated,B,
241594.0,2024-10-22 17:59:31,2024-10-25 19:16:58,2024-10-30,API,A,
242023.0,2024-10-22 21:23:51,2024-11-05 23:27:34,,API,B,
241857.0,2024-10-23 11:37:47,2024-10-31 21:44:20,2024-10-31,API,B,
13303.0,2024-10-25 11:17:49,2024-10-25 23:03:40,2024-10-25,Marketplace,B,
241813.0,2024-10-30 14:23:51,2024-10-31 04:00:00,,API,A,
241793.0,2024-10-30 15:01:51,2024-10-31 04:00:00,,ManuallyCreated,A,
76246.0,2024-11-05 18:39:01,2024-12-31 04:00:00,2024-11-15,API,A,
242040.0,2024-11-06 14:19:28,2024-11-11 16:14:57,,ManuallyCreated,B,
242091.0,2024-11-07 19:25:51,2024-11-15 20:08:53,,API,A,
242320.0,2024-11-12 16:48:35,2024-11-28 22:45:57,,ManuallyCreated,A,
242538.0,2024-11-17 19:24:58,2024-11-21 16:46:44,2024-11-22,ManuallyCreated,B,
242590.0,2024-11-18 20:22:16,2024-11-30 16:44:07,2024-11-30,ManuallyCreated,B,
243650.0,2024-11-20 20:14:40,2024-12-13 13:42:38,,API,A,
243117.0,2024-11-21 14:41:26,2024-11-30 18:49:50,2024-12-05,ManuallyCreated,B,
243018.0,2024-11-28 14:56:31,2024-11-29 20:20:01,,ManuallyCreated,B,
243173.0,2024-11-30 14:12:51,2024-12-01 02:18:34,,Marketplace,B,
34566.0,2024-12-02 22:49:25,2024-12-31 21:24:08,2024-12-31,ManuallyCreated,B,
243897.0,2024-12-03 13:30:01,2024-12-18 15:37:33,,ManuallyCreated,B,
243705.0,2024-12-05 13:18:10,2024-12-14 15:51:24,,API,B,
244154.0,2024-12-09 21:50:47,2024-12-26 01:03:22,,ManuallyCreated,B,
243510.0,2024-12-10 01:49:44,2024-12-31 19:50:45,2024-12-31,API,B,
243554.0,2024-12-10 23:45:16,2024-12-16 14:22:20,2024-12-16,API,A,
244105.0,2024-12-13 16:06:56,2025-01-23 21:36:55,,API,B,
243947.0,2024-12-19 19:47:58,2024-12-20 21:16:17,,ManuallyCreated,B,0.0
244173.0,2024-12-26 14:51:53,2024-12-30 13:40:35,2024-12-30,ManuallyCreated,A,1.0
244384.0,2024-12-30 14:49:57,2025-01-27 20:09:13,,ManuallyCreated,A,1.0
244989.0,2025-01-09 21:22:16,2025-01-20 16:24:58,2025-01-20,ManuallyCreated,B,3.0
245287.0,2025-01-16 23:51:18,2025-01-23 19:53:42,,ManuallyCreated,B,0.0
